songId,title,artist,genre,album,lyricist,composer,date,img,comment,like,lyric,plylstSeq
4083218,내일또 만납시다,금호동,성인가요/트로트,여인을 못잊어/그정 못잊어,전우,박춘석,20130401,https://cdnimg.melon.co.kr/cm/album/images/021/81/151/2181151_500.jpg/melon/resize/282/quality/80/optimize,13,263,"하루의 일을 끝내고 돌아가는
거리엔 사람의 물결
하늘엔 별이 하나 둘 반짝이면
가로등 하나 둘 꽃 피네
허공을 스치는 바람은 차고
흐뭇한 마음은 애드베룬
가벼운 발길 헤어질 때 인사는
내일 또 다시 만납시다
하루의 일을 끝내고 돌아가는
거리엔 사람의 물결
하늘엔 별이 하나 둘 반짝이면
가로등 하나 둘 꽃 피네
허공을 스치는 바람은 차고
흐뭇한 마음은 애드베룬
가벼운 발길 헤어질 때 인사는
내일 또 다시 만납시다
내일 또 다시 만납시다",460454132 518268022
1003023,눈물의 연평도,최숙자,성인가요/트로트,최숙자 힛트전집,김문응,김부해,19890101,https://cdnimg.melon.co.kr/cm/album/images/003/10/199/310199_500.jpg/melon/resize/282/quality/80/optimize,6,159,"조기를 담뿍잡아
기폭을 올리고
온다던 그배는
어이하여 아니오나
수평선 바라보며
그이름 부르면
갈매기도 우는구나
눈물의 연평도

태풍이 원수더라
한많은 사라호
황천간 그얼굴
언제다시 만나보리
해저문 백사장에
그모습 그리면
등대불만 깜박이네
눈물의 연평도",459816286 460454132
1754987,님이라 부르리까,이미자,성인가요/트로트,그 시절 그 노래 Vol.5,김운하,나화랑,19791120,https://cdnimg.melon.co.kr/cm/album/images/003/59/919/359919_500.jpg/melon/resize/282/quality/80/optimize,11,47,,460454132 518268022
1002782,동백아가씨,이미자,성인가요/트로트,이미자 전집,한산도,백영호,19890310,https://cdnimg.melon.co.kr/cm/album/images/003/10/181/310181_500.jpg/melon/resize/282/quality/80/optimize,3,176,"헤일 수 없이 수많은 밤을
내 가슴 도려내는 아픔에 겨워
얼마나 울었던가 동백아가씨
그리움에 지쳐서
울다 지쳐서
꽃잎은 빨갛게 멍이 들었오

동백꽃 잎에 새겨진 사연
말 못할 그 사연을
가슴에 안고
오늘도 기다리는 동백아가씨
가신님은 그 언제
그 어느날에
외로운 동백꽃
찾아 오려나",481540833 415883957
1003568,떠날때는 말없이,현미,성인가요/트로트,현미 대표곡 모음,유호,이봉조,19910101,https://cdnimg.melon.co.kr/cm/album/images/003/10/243/310243_500.jpg/melon/resize/282/quality/80/optimize,3,295,"그 날 밤 그 자리에
둘이서 만났을 때
똑같은 그 순간에
똑같은 마음이
달빛에 젖은 채
밤새도록 즐거웠죠
아 그 밤이 꿈이었나 비 오는데
두고두고 못 다한 말
가슴에 새기면서
떠날 때는 말 없이
말 없이 가오리다

아무리 불러도
그 자리는 비어있네
아 그 날이 언제였나 비 오는데
사무치는 그리움을
나 어이 달래라고
떠날 때는 말 없이
말 없이 가오이다",425524406 408855543
467355,마도로스 부기,백야성,성인가요/트로트,가요 반세기 진품명품(眞品名品) 제(第)1집(集)(오리지날 편집),이철수,한복남,20030101,https://cdnimg.melon.co.kr/cm/album/images/000/31/801/31801_500.jpg/melon/resize/282/quality/80/optimize,1,47,"항구의 일~~번지 부기우기 일~번지
그라스를 채워~다오 부기우기 아~~가씨
고동이 슬피울면 이별~이란~~다
저 달이 지기~전에 이슬~~이 깨기전에
부기우기 부기우기 마도로스 부기~~우~기

항구의 일~~번지 부기우기 일~번지
인~심을 쓰려~므나 부기우기 아~~가씨
왔다가 가야하는 마도~로스~~다
저 달이 지기~전에 정열~~이 식기전에
부기우기  부기우기 마도로스 부기~~우~기",460454132 101586760
1185251,맨발의 청춘,최희준,성인가요/트로트,최희준 스타앨범 힛트 21,유호,이봉조,-,https://cdnimg.melon.co.kr/cm/album/images/003/17/416/317416_500.jpg/melon/resize/282/quality/80/optimize,3,87,"눈물도 한숨도
나 혼자 씹어 삼키며
밤 거리의 뒷골목을
누비고 다녀도
사랑만은 단 하나의
목숨을 걸었다
거리의 자식이라
욕하지 말라
그대를 태양처럼
우러러 보는
사나이 이 가슴을
알아줄 날 있으리라

외롭고 슬프면 하늘만 바라보면서
맨발로 걸어왔네 사나이 험한길을
상처뿐인 이 가슴에 나홀로 달랬네
내버린 자식이라 비웃지 말라
내 생전 처음으로 바친 순정은
머나먼 천국에서 그대 옆에 피어나리
그대 옆에 피어나리",462202047 101413040
3622464,밀짚모자 목장아가씨,박재란,성인가요/트로트,오리지날 힛송 총결산집,전우,박춘석,19910219,https://cdnimg.melon.co.kr/cm/album/images/020/39/108/2039108_500.jpg/melon/resize/282/quality/80/optimize,0,36,"시원한 밀짚모자
포플라 그늘에
양떼를 몰고가는
목장의 아가씨
연분홍 빛 입술에는
살며시 웃음 띄우고
넓다란 푸른 목장
하늘에 구름가네
라라라 라라라라라
라라라라 라라라라
라라라 라라라라라
라라라라 라라라라
연분홍 빛 입술에는
살며시 웃음 띄우고
넓다란 푸른 목장
하늘에 구름가네
구름가네 음음음음",462202047 460454132
1003566,보고싶은 얼굴,현미,성인가요/트로트,현미 대표곡 모음,현암,이봉조,19910101,https://cdnimg.melon.co.kr/cm/album/images/003/10/243/310243_500.jpg/melon/resize/282/quality/80/optimize,2,294,"눈을 감고 걸어도
눈을 뜨고 걸어도
보이는 것은 초라한 모습
보고 싶은 얼굴
거리마다 물결이 거리마다 발길이
휩쓸고 지나간 허황한 거리에
눈을 감고 걸어도
눈을 뜨고 걸어도
보이는 것은 초라한 모습
보고 싶은 얼굴

거리마다 물결이 거리마다 발길이
휩쓸고 지나간 허황한 거리에
눈을 감고 걸어도
눈을 뜨고 걸어도
보이는 것은 초라한 모습
보고 싶은 얼굴",425524406 453275781
2517558,빗속의 여인 (1964년작),Add 4,록/메탈,Anthology Part I&II (Normal Edition),신중현,신중현,20091222,https://cdnimg.melon.co.kr/cm/album/images/007/49/852/749852_500.jpg/melon/resize/282/quality/80/optimize,1,243,,462202047 455380102
467498,빨간구두 아가씨,남일해,성인가요/트로트,가요 반세기 진품명품(眞品名品) 제(第)3집(集)(오리지날 편집),하중희,김인배,20030101,https://cdnimg.melon.co.kr/cm/album/images/000/31/807/31807_500.jpg/melon/resize/282/quality/80/optimize,5,219,"솔솔솔 오솔길에 빨간구두 아가씨
똑똑똑 구두소리 어딜 가시나
한번쯤 뒤돌아 볼만도 한데
발걸음만 하나둘 세며 가는지
빨간 구두 아가씨 혼자서 가네


밤밤밤 밤길에 빨간구두 아가씨
똑똑똑 구두소리 어딜 가시나
지금쯤 사랑을 알만도 한데
종소리만 하나둘 세며 가는지
빨간 구두 아가씨 멀어져가네",462202047 471850027
992864,아메리칸 마도로스,고봉산,성인가요/트로트,가요 박물관,김전경,김민우,20040202,https://cdnimg.melon.co.kr/cm/album/images/003/09/735/309735_500.jpg/melon/resize/282/quality/80/optimize,0,33,"무역선 오고가는 부산 항구 제2부두 
죄많은 마도로스 이별이 야속트라 
닷줄을 감으면은 기적이 울고 
뱃머리 돌리며는 사랑이 운다 
아~ 항구에 아가씨 
울리고 떠나가는 버리고 떠나가는 
마도로스 아메리카 마도로스 

꽃물결 넘실대는 부산 항구 제2부두 
술취한 마도로스 항구가 무정트라 
깃발을 올리며는 기적이 울고 
테프가 끊어지면 사랑이 운다 
아~ 항구에 아가씨 
울리고 떠나가는 버리고 떠나가는 
마도로스 아메리카 마도로스",460454132 518268022
3621978,아빠 안녕,현미,성인가요/트로트,오리지날 힛송 총결산집,이경재,이봉조,19911001,https://cdnimg.melon.co.kr/cm/album/images/020/38/969/2038969_500.jpg/melon/resize/282/quality/80/optimize,0,17,"비가 나리네 비가 나리네
돌아선 이가슴에
그님은 어데 그어느곳에
이마음 벗사려 떨어져가도
이마음 몹쓸건 미련때문에
아 몸부림치며 님을 불렀네
이마음 모질게 헤어져가고
이마음 몹쓸건 미련때문에
아 목놓아 울며 님을 불렀네",460454132 518268022
1936373,영등포의 밤,오기택,성인가요/트로트,"20골드 (영등포의 밤,바닷가에서)",김부해,김부해,19700101,https://cdnimg.melon.co.kr/cm/album/images/003/98/692/398692_500.jpg/melon/resize/282/quality/80/optimize,0,44,,460454132 518268022
30072384,워싱턴광장,정 시스터즈,성인가요/트로트,노란샤쓰의 사나이 오리지날,김문응,Unknown,20161103,https://cdnimg.melon.co.kr/cm/album/images/100/11/864/10011864_500.jpg/melon/resize/282/quality/80/optimize,1,56,None,471877661 470943822
1714082,이국땅,남일해,성인가요/트로트,그 시절 그 노래,월견초,나화랑,19791220,https://cdnimg.melon.co.kr/cm/album/images/003/56/735/356735_500.jpg/melon/resize/282/quality/80/optimize,1,21,"하룻밤 뱃길이면 가고 오건만

못 가는 이국땅에 서러움이 많

아현해탄 파도 위에 비친 저 달아

찢어진 문틈으로 어머님 얼굴에도

아 아 비치어다오



꿈길은 수륙만리 고국 이건만

싸늘한 벼겟머리 언제나 이국

현해탄 파도 위에 부산항 찾아

그 누가 떠났길래 저 멀리 남은 연기

아 아 나를 울리네",460454132 518268022
1925260,저녁 한때 목장풍경,위키리,성인가요/트로트,"2006 김기웅 작품집(창작성가,추억의 가요걸작선)",전우,김기웅,20060101,https://cdnimg.melon.co.kr/cm/album/images/003/97/297/397297_500.jpg/melon/resize/282/quality/80/optimize,4,41,,460454132 518268022
1185247,진고개 신사,최희준,성인가요/트로트,최희준 스타앨범 힛트 21,심영식,김호길,-,https://cdnimg.melon.co.kr/cm/album/images/003/17/416/317416_500.jpg/melon/resize/282/quality/80/optimize,2,26,,460454132 518268022
1714068,첫사랑 마도로스,남일해,성인가요/트로트,그 시절 그 노래,한동훈,한동훈,19791220,https://cdnimg.melon.co.kr/cm/album/images/003/56/735/356735_500.jpg/melon/resize/282/quality/80/optimize,4,32,"푸르른 달빛이 파도에 부서지면

파이프에 꿈을 실은 첫사랑 마도로스

배귀에 기대서면 그 날 밤이 그립구나

항구마다 정을 두고 떠나온 사나이

그래도 첫사랑 맺은 님을 잊을 길 없네



깨스등 희미한 부두의 그 날 밤에

울며불며 잡던 님을 뿌리친 마도로스

때 묻은 기름옷에 갈매기가 벗이구나

그라스로 맺은 정에 상처만 남기고

떠나온 첫사랑 아가씨가 나를 울리네",460454132 518268022
1714080,사랑의 송가,한명숙,성인가요/트로트,그 시절 그 노래,전오승,전오승,19791220,https://cdnimg.melon.co.kr/cm/album/images/003/56/735/356735_500.jpg/melon/resize/282/quality/80/optimize,0,41,"바람결에 흔들리는
갈대와 같이
지금은
그대의 마음 변했나
영원토록
변치말자던 님의 말이
지금은
이슬같이 사라졌네
차라리
몰랐던들 몰랐던들
이 마음
그대생각 않을것을
이 마음
그대사랑 안할것을

차라리
몰랐던들 몰랐던들
이 마음
그대생각 않을것을
이 마음
그대사랑 안할것을",471850027 483245769
4620827,산넘어 남촌에는,박재란,성인가요/트로트,힛트 앨범 (Recorded 1959-1965),김동환,김동현,20140306,https://cdnimg.melon.co.kr/cm/album/images/022/53/305/2253305_500.jpg/melon/resize/282/quality/80/optimize,0,65,"산너머 남촌에는 누가 살길래 
해마다 봄바람이 남으로 오네 
아-꽃피는 사월이면 진달래 향기 
밀익은 오월이면 보리 내음새 
어느것 한가진들 싫어 안오리 
남촌서 남풍불 때 나는 좋데나 
산너머 남촌에는 누가 살길래 
저 하늘 저 빛깔이 그리 고울까 
아-금잔디 넓은 벌엔 호랑나비 때 
버들밭 실개천엔 종달새 노래 
어느것 한가진들 실어안오리 
남촌서 남풍불 때 나는 좋-데나 
산너머 남촌에는 누가 살길래 
해마다 봄바람이 남으로 오네 
아-꽃피는 사월이면 진달래 향기 
밀익은 오월이면 보리 내음새 
어느것 한가진들 싫어 안오리 
남촌서 남풍불 때 나는 좋데나",430737653 460454133
5713647,아나 농부야,박재란,성인가요/트로트,박재란 가요씨리즈,전우,박춘석,20150522,https://cdnimg.melon.co.kr/cm/album/images/023/20/746/2320746_500.jpg/melon/resize/282/quality/80/optimize,0,4,None,483245769 460454133
191058,아빠의 청춘,박일남,성인가요/트로트,박일남 · 오기택 경창,반야월,손목인,1994,https://cdnimg.melon.co.kr/cm/album/images/000/08/668/8668_500.jpg/melon/resize/282/quality/80/optimize,0,89,"이 세상에 부모 마음 다 같은 마음
아들 딸이 잘 되라고 행복하라고
마음으로 빌어주는 박영감인데
노랭이라 비웃으며 욕하지 마라
나에게도 아직까지 청춘은 있다
원더플 원더플 아빠의 청춘
브라보 브라보 아빠의 인생 
간 주 중
세상 구경 서울 구경 참 좋다만은
돈 있어야 제일이지 없으면 산통
마음 착한 며느리를 내 몰라 보고
황소고집 부리다가 큰 코 다쳤네
나에게도 아직까지 꿈이야 있다
원더플 원더플 아빠의 청춘
브라보 브라보 아빠의 인생",413868198 462202047
7931787,울어라 열풍,이미자,성인가요/트로트,이미자 골드 일대작 제1집,한산도,백영호,20151116,https://cdnimg.melon.co.kr/cm/album/images/026/50/843/2650843_500.jpg/melon/resize/282/quality/80/optimize,0,17,None,460454133
176245,월남의 달밤,윤일로,성인가요/트로트,그리운 노래 가요 반세기 7집,반야월,김성근,19920723,https://cdnimg.melon.co.kr/cm/album/images/000/08/386/8386_500.jpg/melon/resize/282/quality/80/optimize,0,48,"남 남쪽 먼 먼 나라 월남의 달밤 십자성 저 별빛은
어머님 얼굴 그 누가 불어주는 하모니카냐 아리랑 
멜로디가 향수에 젖네 가슴에 젖네

열대어 꼬리치는 사이공 항구 산호등 아롱다롱
모래 별이면 카누에 실어보는 그 님의 노래
떠나온 수륙만리 아득한 고향 그리운 산천",100139736 483245769
3720923,인정사정 볼 것 없다,진송남,성인가요/트로트,백영호 작곡집 (여자 하숙생),권용,백영호,20120227,https://cdnimg.melon.co.kr/cm/album/images/020/86/729/2086729_500.jpg/melon/resize/282/quality/80/optimize,0,7,None,483245769 460454133
833079,정동대감,이미자,성인가요/트로트,이미자 골든,신봉승,나화랑,20050309,https://cdnimg.melon.co.kr/cm/album/images/003/01/471/301471_500.jpg/melon/resize/282/quality/80/optimize,0,15,"영을 넘고 강을 건너
남도 천리를
헤어져 그린
그님 찾아가는데
철없이 따라오는
어린 손이 차갑구나
자장 자장 잘자거라
아가야 잠들어라
이슬내려 젖은 길이
멀기만 하다

사랑찾아 임을 찾아
운명의 길을
천리라도 만리라도
찾아가련다
등에 업힌 어린 자식
칭얼칭얼 우는데
자장 자장 잘자거라
아가야 잠들어라
눈물에 젖은 길이
멀기만 하다",460454133
4085246,쥐구멍에도 볕들날 있다,김상국,성인가요/트로트,여자가 더 좋아 / 쥐구멍에도 볕들날 있다,전우,김인배,20130401,https://cdnimg.melon.co.kr/cm/album/images/021/81/336/2181336_500.jpg/melon/resize/282/quality/80/optimize,0,31,None,483245769 460454133
1005548,행복의 샘터,박재란,성인가요/트로트,박재란 전집,이계성,이계성,19920101,https://cdnimg.melon.co.kr/cm/album/images/003/10/380/310380_500.jpg/melon/resize/282/quality/80/optimize,1,69,,483245769 460454133
1002791,황포돛대,이미자,성인가요/트로트,이미자 전집,이용일,백영호,19890310,https://cdnimg.melon.co.kr/cm/album/images/003/10/181/310181_500.jpg/melon/resize/282/quality/80/optimize,1,38,"마즈막 석양 빛을 기폭에 걸고
흘러가는 저 배는 어데로 가느냐
해풍아 비바람아 울지를 마라
파도소리 구슬프면 이 마음도 구슬퍼
아아아 어데로 가는 배냐
어데로 가는 배냐 황포 돛대야

순풍에 돛을 달고 황혼 바람에
떠나가는 저 사공 고향은 어데냐
사공아 말해다오 떠나는 뱃길
갈매기야 울지마라 이 마음도 서럽다
아아아 어데로 가는 배냐
어데로 가는 배냐 황포 돛대야",483245769 460454133
3485992,고향무정,오기택,성인가요/트로트,그시절 그노래 2집,김운하,서영은,20110712,https://cdnimg.melon.co.kr/cm/album/images/013/38/075/1338075_500.jpg/melon/resize/282/quality/80/optimize,1,58,"구름도 울고넘는
울고넘는 저 산아래
그 옛날 내가 살던
고향이 있었건만
지금은 어느 누가 살고있는지
지금은 어느 누가 살고있는지
산골짝엔 물이 마르고
기름진 문전옥답
잡초에 묻혀있네
새들도 집을 찾는
집을 찾는 저 산아래
그 옛날 내가 살던
고향이 있었건만
지금은 어느 누가 살고있는지
지금은 어느 누가 살고있는지
바다에는 배만 떠있고
어부들 노래 소리 멎은지 오래일세",462202047 460454134
1002503,길잃은 철새,최희준,성인가요/트로트,최희준 힛트곡 전집,유호,최창권,198808,https://cdnimg.melon.co.kr/cm/album/images/003/10/151/310151_500.jpg/melon/resize/282/quality/80/optimize,0,108,"무슨 사연이 있겠지
무슨 까닭이 있겠지
돌아가지 않는
길 잃은 철새
밤은 깊어서
낙엽은 쌓이는데
밤은 깊어서
낙엽은 쌓이는데
흐느끼는 소리만
흐느끼는 소리만
홀로 살고파 왔을까
홀로 울고파 왔을까
돌아가지 않는
길 잃은 철새
가을은 가고
겨울은 왔는데도
가을은 가고
겨울은 왔는데도
한숨짓는 소리만
한숨짓는 소리만",462202047 471877661
2740012,날씬한 아가씨끼리,이금희,성인가요/트로트,웃기지 말아요,황우루,황우루,19980601,https://cdnimg.melon.co.kr/cm/album/images/009/42/156/942156_500.jpg/melon/resize/282/quality/80/optimize,2,34,,460454134
992913,눈물을 감추고,위키리,성인가요/트로트,가요 박물관,황우루,홍현걸,20040202,https://cdnimg.melon.co.kr/cm/album/images/003/09/735/309735_500.jpg/melon/resize/282/quality/80/optimize,0,121,"눈물을 감추고
눈물을 감추고
이슬비 맞으며
나 홀로 걷는 밤길
외로움의 젖고 젖어
쓰라린 가슴에
고독이 넘쳐 넘쳐
내 야윈 가슴에
넘쳐 흐른다

눈물을 감추고
눈물을 감추고
이슬비 맞으며
나 홀로 걷는 밤길
외로움에 젖고 젖어
쓰라린 가슴에
슬픔이 넘쳐 넘쳐
내 야윈 가슴에
넘쳐 흐른다",471877661 414506317
1003821,덕수궁 돌담길,진송남,성인가요/트로트,히트전집,정두수,한산도,19970605,https://cdnimg.melon.co.kr/cm/album/images/003/10/258/310258_500.jpg/melon/resize/282/quality/80/optimize,0,134,"비내리는 덕수궁 돌담 장길을
우산없이 혼자서 거니는 사람
무슨 사연 있길래 혼자 거닐까
저토록 비를 맞고 혼자 거닐까
밤비가 소리없이 내리는 밤에

밤도 깊은 덕수궁 돌담 장길을
비를 맞고 말없이 거니는 사람
옛날에는 두사람 거닐던 길을
지금은 어이해서 혼자 거닐까
밤비가 하염없이 내리는 밤에",101552784 460454134
1002285,동백꽃 피는 고향,남상규,성인가요/트로트,남상규 전집,남국인,백영호,19910101,https://cdnimg.melon.co.kr/cm/album/images/003/10/135/310135_500.jpg/melon/resize/282/quality/80/optimize,0,31,"고향이 그리워서
가고 싶어서
밤 깊은 부두가를 찾아 왔건만
고동소리 울지 않고
뱃길도 막혀
동백꽃 피는 고향
멀기만 하구나
내 고향 울릉도야
너 잘 있느냐
네 소식 알 길 없어
가슴 닳는다
내 사랑도 부모님도 안녕하신지
동백꽃 피는 고향
언제 가려나",460454134
1936391,뜨거운 안녕,쟈니리,성인가요/트로트,"20골드 (영등포의 밤,바닷가에서)",백영진,서영은,19700101,https://cdnimg.melon.co.kr/cm/album/images/003/98/692/398692_500.jpg/melon/resize/282/quality/80/optimize,0,65,,462202047 101413040
1749952,미워하지 않으리,정원,성인가요/트로트,"갈테면 가라지, 인생은 본전",오민우,오민우,19920801,https://cdnimg.melon.co.kr/cm/album/images/003/59/546/359546_500.jpg/melon/resize/282/quality/80/optimize,1,54,"목숨 걸고 쌓올린 사나이의 첫사랑
글라스에 아롱진 그 님의 얼굴
피보다 진한 사랑 여자는 모르리라
눈물을 삼키며 미워하지 않으리

피에 맺힌 애원도 몸부림을 쳐봐도
한번 가신 그님이 다시 올소냐
사나이 붉은 순정 여자는 모르리라
입술을 깨물며 미워하지 않으리",460454134
193887,불나비,김상국,성인가요/트로트,한국가요사 9집,김강윤,김강섭,19920101,https://cdnimg.melon.co.kr/cm/album/images/000/08/754/8754_500.jpg/melon/resize/282/quality/80/optimize,7,223,"얼마나 사무치는 그리움이냐

밤마다 불을찾아 헤메는 사연

차라리 재가되어 숨진다 해도

아아아 너를 안고 가련다

불나비 사랑



무엇으로 끄나요 사랑의 불길

밤을안고 떠도는 외로운 날개

한많은 세월속에 멍들은 가슴

아아아 너를안고 가련다

불나비 사랑",471877661 101413040
2249739,살짜기 옵서에,패티김,성인가요/트로트,패티김 골든베스트,김영수,최창권,20090803,https://cdnimg.melon.co.kr/cm/album/images/006/28/654/628654_500.jpg/melon/resize/282/quality/80/optimize,0,44,,462202047 460454134
4076255,수덕사의 여승,송춘희,성인가요/트로트,송춘희 / 박가연 - 페레이드 (수덕사의 여승 / 이제와서 사라구요),김문응,한동훈,20130401,https://cdnimg.melon.co.kr/cm/album/images/021/80/402/2180402_500.jpg/melon/resize/282/quality/80/optimize,0,46,None,460454134
1185254,엄처시하,최희준,성인가요/트로트,최희준 스타앨범 힛트 21,김석야,홍현걸,-,https://cdnimg.melon.co.kr/cm/album/images/003/17/416/317416_500.jpg/melon/resize/282/quality/80/optimize,0,16,"열아홉 처녀 때는
수줍던 그 아내가
첫 아이 낳더니만
고양이로 변했네
눈 밑에 잔주름이 늘어 가니까
무서운 호랑이로 변해 버렸네
그러나 두고 보자 나도 남자다
언젠간 내 손으로 휘어 잡겠다
큰 소릴 쳐 보지만 나는 공처가

한 세상 사노라면
변할 날 있으련만
날이면 날마다 짜증으로 지새는
마누라 극성 속에 기가 죽어서
눈치밥 세월 속에 청춘이 가네
그러나 두고 보자 나도 남자다
언젠간 내 손으로 휘어 잡겠다
큰 소릴 쳐 보지만 나는 공처가
나는 공처가",460454134
1185249,종점,최희준,성인가요/트로트,최희준 스타앨범 힛트 21,유호,이봉조,-,https://cdnimg.melon.co.kr/cm/album/images/003/17/416/317416_500.jpg/melon/resize/282/quality/80/optimize,1,28,"너를 사랑할때 한없이 즐거웠고
버림을 받았을때 끝없이 서러웠다
아련한 추억 속에 미련도 없다만은
너무도 빨리온 인생의 종점에서
싸늘하게 싸늘하게 식어만 가는
아 내청춘 꺼져가네

너를 사랑할땐 목숨을 걸렸었고
버림을 받았을때 추억을 생각했다
지나간 내 한평생 미련도 없다만은
너무도 짧았던 내청춘 종점에서
속절없이 속절없이 꺼져만 가는
아 한많은 내 청춘",460454134
833064,지평선은 말이없다,이미자,성인가요/트로트,이미자 골든,한산도,백영호,20050309,https://cdnimg.melon.co.kr/cm/album/images/003/01/471/301471_500.jpg/melon/resize/282/quality/80/optimize,0,140,"어드메 계시온지 보고픈 어머님은
얼마나 멀고 먼지 가고픈 내 고향은
언제나 눈 감으면 떠오르는 그 모습
그리워 불러보는 이름이건만
지평선은 말이 없다 대답이 없다

드넓은 이 세상에 외로운 우리 남매
만나자 헤어지는 뼈저린 슬픈 운명
차가운 이국 땅에 쓰러져 간 오빠를
가슴이 터지도록 불러보아도
지평선은 말이 없다 대답이 없다",460454134
191057,충청도 아줌마,박일남,성인가요/트로트,박일남 · 오기택 경창,김운하,서영은,1994,https://cdnimg.melon.co.kr/cm/album/images/000/08/668/8668_500.jpg/melon/resize/282/quality/80/optimize,0,55,"와도 그만 가도 그만
방랑의 길은 먼데
충청도 아줌마가
한사코 길을 막네
주안상 하나 놓고
마주 앉은 사람아
술이나 따르면서 따르면서
내 설움 너의 설움을
엮어나 보자

서울이고 부산이고
갈 곳은 많지만은
투술한 사투리가
너무도 정답구나
눈물을 흘리면서
마주 앉은 사람아
과거를 털어놓고 털어놓고
새로운 새 희망에 살아가 보자",460454134
2740011,키다리 미스터 김,이금희,성인가요/트로트,웃기지 말아요,황우루,황우루,19980601,https://cdnimg.melon.co.kr/cm/album/images/009/42/156/942156_500.jpg/melon/resize/282/quality/80/optimize,0,55,"키다리 미스터 김은
싱겁게 키는 크지만
그래도 미스터 김은
마음씨 그만이예요
세상에 키 크고
싱겁지 않은 이
없다고 말을 하지만
그러나 그 이는
그렇지 않아요
정말로 멋쟁이예요
건들~ 건들~ 걸을~때는~
매력이 흘러 넘쳐요
키다리 미스터 김에게
나 홀랑 반~했어요

키다리 미스터 김은
언제나 털털이지만
그래도 미스터 김이
세상에 제일 좋아요
제 눈에 안경이
이러쿵 저러쿵
말씀을 할진 몰라도
그 이를 안보곤
그런 말 마세요
정말로 멋쟁이예요
싱글~ 벙글~ 웃을~때는~
내 마음 미쳐버려요
키다리 미스터 김이
없으면 난 못살아요
없으면 난 못살아요
없으면 난 못살아요",412285882 462202047
833080,평양기생,이미자,성인가요/트로트,이미자 골든,남국인,백영호,20050309,https://cdnimg.melon.co.kr/cm/album/images/003/01/471/301471_500.jpg/melon/resize/282/quality/80/optimize,0,16,"무정터라 한탄말고 욕하지 마소
진정으로 임을 위한 거짓말인데
행여나 변할까봐 마음 조이며
내 낭군 알성급제 빌고 또 비는
평양기생 일편단심 변함없다오

괴로워도 고달파도 참아주세요
이 모두가 임을 위한 거짓들인데
행여나 버릴까봐 가슴조이며
주야장 긴 긴 밤을 홀로새워도
평양기생 일편단심 변함없다오",460454134
1185246,하숙생,최희준,성인가요/트로트,최희준 스타앨범 힛트 21,김석야,김호길,-,https://cdnimg.melon.co.kr/cm/album/images/003/17/416/317416_500.jpg/melon/resize/282/quality/80/optimize,1,60,,462202047 502034221
1749951,허무한 마음,정원,성인가요/트로트,"갈테면 가라지, 인생은 본전",전우,오민우,19920801,https://cdnimg.melon.co.kr/cm/album/images/003/59/546/359546_500.jpg/melon/resize/282/quality/80/optimize,0,28,"마른잎이 한 잎 두 잎
떨어지던
지난 가을날
사무치는 그리움만
남겨놓고 가버린 사람
다시 또 쓸쓸히
낙엽은 지고
찬서리 기러기
울며 나는데
돌아온단 그 사람은
소식없어 허무한 마음

다시 또 쓸쓸히
낙엽은 지고
찬서리 기러기
울며 나는데
돌아온단 그 사람은
소식없어 허무한 마음",460454134
3620469,화진포에서 맺은 사랑,이시스터즈,성인가요/트로트,그시절 그노래 제 24집,황우루,황우루,19901201,https://cdnimg.melon.co.kr/cm/album/images/020/38/466/2038466_500.jpg/melon/resize/282/quality/80/optimize,0,21,"황금물결 아하
찰랑대는 아햐
정다운 바닷가 정다운 바닷가
아름다운 아하
화진포에 아하
맺은 사랑아 맺은 사랑아
꽃 구름이 흘러가는 수평선 저너머
푸른 꿈이 뭉게뭉게 가슴 적시면
모래껍질 아하
줏어모아 아하
마음을 수 놓고 마음을 수 놓고
영원토록 아하
변치말자 아하
맹세한 사랑 맹세한 사랑
은물결이 아하
반짝이는 아하
그리운 화진포 그리운 화진포
모래 위에 아하
새겨놓은 아하
사랑의 언약 사랑의 언약
흰 돛단배 흘러가는 수평선
저 멀리 오색 꿈이 곱게곱게
물결쳐오면 모래성을 아하
쌓아놓고 아하
손가락 걸며 손가락 걸며
영원토록 아하
변치말자 아하
맹세한 사랑 맹세한 사랑",460454134
1125008,가슴아프게,남진,성인가요/트로트,남진 베스트 2,정두수,박춘석,-,https://cdnimg.melon.co.kr/cm/album/images/003/15/077/315077_500.jpg/melon/resize/282/quality/80/optimize,4,268,None,404453591 462202047
991634,갈대의 순정,박일남,성인가요/트로트,박일남 애창곡집,오민우,오민우,19901201,https://cdnimg.melon.co.kr/cm/album/images/003/09/641/309641_500.jpg/melon/resize/282/quality/80/optimize,0,71,"사나이 우는 마음을
그 누가 아랴
바람에 흔들리는
갈대의 순정
사랑엔 약한 것이
사나이 마음
울지를 마라
아 아 갈대의 순정

말없이 보낸 여인이
눈물을 아랴
가슴을 파고드는
갈대의 순정
못잊어 우는 것은
사나이 마음
울지를 마라
아 아 갈대의 순정",462202047 415326832
313523,갑돌이와 갑순이,김세레나,국악 국악가요,김세레나 노래선물,김다인,전현기,20020305,https://cdnimg.melon.co.kr/cm/album/images/000/22/961/22961_500.jpg/melon/resize/282/quality/80/optimize,0,9,,460454135
1661564,경상도 청년,김상희,성인가요/트로트,"당신을 알고부터, 참사랑",월견초,전오승,19840220,https://cdnimg.melon.co.kr/cm/album/images/003/53/370/353370_500.jpg/melon/resize/282/quality/80/optimize,0,82,"내 마음을 나와 같이
알아줄 사람은
경상도 그 청년
한사람뿐입니다
덥수룩한 얼굴에 검은 수염은
나이보다 칠팔세 위로 보지만
구수한 사투리에 매력이 있어
단 한번
극장 구경만 하였답니다

내 가슴에 감춘
사랑 바칠 사람은
경상도 그 청년
한 사람뿐입니다
유모어는 없어도 너털웃음은
점잖하신 사장님 타입이지만
사랑엔 약한 것이 재미가 있어
단 한번 데이트를 하였답니다",484766885 482142973
903370,나는 곰이다,최희준,성인가요/트로트,최희준 Asia's Hit Song Series,추식,이봉조,19900201,https://cdnimg.melon.co.kr/cm/album/images/003/07/082/307082_500.jpg/melon/resize/282/quality/80/optimize,1,41,,410871894 460454135
1661559,대머리 총각,김상희,성인가요/트로트,"당신을 알고부터, 참사랑",진원,정민섭,19840220,https://cdnimg.melon.co.kr/cm/album/images/003/53/370/353370_500.jpg/melon/resize/282/quality/80/optimize,0,37,"여덟시 통근길에 대머리 총각
오늘도 만나려나 떨리는 마음
시원한 대머리에 나이가 들어
행여나 장가갔나 근심하였죠
여덟시 통근길에 대머리 총각
내일도 만나려나 기다려지네

무심코 그를 따라 타고 본 전차
오가는 눈총속에 싹트는 사랑
빨갛게 젖은 얼굴 부끄러움에
처녀 맘 아는듯이 답하는 미소
여덟시 통근길에 대머리 총각
내일도 만나려나 기다려지네
내일도 만나려나 기다려지네",462202047 101413040
3991162,돈이면 최고냐,남진,성인가요/트로트,스테레오 독집,김중순,김영광,20121201,https://cdnimg.melon.co.kr/cm/album/images/021/70/344/2170344_500.jpg/melon/resize/282/quality/80/optimize,0,10,None,460454135
1589358,돌아가는 삼각지,배호,성인가요/트로트,배호의 마지막노래,배상태,이인선,19710101,https://cdnimg.melon.co.kr/cm/album/images/003/46/918/346918_500.jpg/melon/resize/282/quality/80/optimize,0,136,,462202047 520728933
47664,두메산골,신행일,성인가요/트로트,돌아온 배호,반야월,김광빈,19941012,https://cdnimg.melon.co.kr/cm/album/images/000/06/370/6370_500.jpg/melon/resize/282/quality/80/optimize,0,13,"산을 넘고 물을 건너
고향 찾아서
너 보고 찾아왔네 두메나 산골
도라지 꽃 피던 그 날
맹세를 걸고 떠났지
산딸기 물에 흘러 떠나가고
두 번 다시 타향에 아니 가련다
풀 피리 불며 불며
노래하면서 너와 살련다

재를 넘어 영을 넘어
옛 집을 찾아
물방아 찾아왔네 달 뜨는 고향
새 소리 정다운 그 날
맹세를 걸고 떠났지
구름은 흘러 흘러 떠나가고
두 번 다시 타향에 아니 가련다
수수밭 감자밭에
씨를 뿌리며 너와 살련다",482142973 460454135
1661563,뜨거워서 싫어요,김상희,성인가요/트로트,"당신을 알고부터, 참사랑",임희재,정민섭,19840220,https://cdnimg.melon.co.kr/cm/album/images/003/53/370/353370_500.jpg/melon/resize/282/quality/80/optimize,0,18,"누구나 사랑을
속삭일 때는
귀를 막고
그 사람의 눈만 보세요
이런 말 저런 말
어쩌구 저쩌구
뜨거운 말일수록 믿지마세요
아 믿지마세요
사랑이란 그런 것
뜨거워서 싫어요

누구나 사랑을
속삭일 때는
꽃이 되고
새가 되고
양이 되지요
이런 말 저런 말
어쩌구 저쩌구
맹세의 말일수록 믿지마세요
아 믿지마세요
사랑이란 그런 것
뜨거워서 싫어요",484766885 482142973
1125030,마음이 고와야지,남진,성인가요/트로트,남진 베스트 2,정두수,박춘석,-,https://cdnimg.melon.co.kr/cm/album/images/003/15/077/315077_500.jpg/melon/resize/282/quality/80/optimize,1,42,"새까만 눈동자의 아가씨 
겉으론 거만한 것 같아도 
마음이 비단같이 고와서 
정말로 나는 반했네 

마음이 고와야 여자지 
얼굴만 예쁘다고 여자냐 
한번만 마음주면 변치않는
 여자가 정말 여자지 

사랑을 할때는 
두눈이 먼다고 해도 
아가씨 두 눈은 
별같이 반짝거리네 

마음이 고와야 여자지 
얼굴만 예쁘다고 여자냐 
한번만 마음주면 변치않는 
여자가 정말 여자지 

새까만 눈동자의 아가씨 
겉으론 거만한 것 같아도 
마음이 비단같이 고와서 
정말로 나는 반했네 

마음이 고와야 여자지 
얼굴만 예쁘다고 여자냐 
한번만 마음주면 변치않는
여자가 정말 여자지 

사랑을 할때는 
두눈이 먼다고 해도 
아가씨 두 눈은 
별같이 반짝거리네 

마음이 고와야 여자지 
얼굴만 예쁘다고 여자냐 
한번만 마음주면 변치않는 
여자가 정말 여자지 -",462202047 520728933
2335774,마음이 변하기 전에,윤복희,성인가요/트로트,윤복희 힛트 앨범,현암,이봉조,19821203,https://cdnimg.melon.co.kr/cm/album/images/007/04/752/704752_500.jpg/melon/resize/282/quality/80/optimize,1,18,,101413040 484766885
3621634,먼데서 왔우다예,이상열,성인가요/트로트,오리지날 힛송 총결산집,김기팔,황문평,19910822,https://cdnimg.melon.co.kr/cm/album/images/020/38/914/2038914_500.jpg/melon/resize/282/quality/80/optimize,0,8,"마음속에 스며있는 당신의 말을
고이고이 간직하고 찾아왔어요
애타는 이가슴 언제까지나
당신을 그리며 헤매이었소
불러도 대답없는 그 이름은
아 삼다도 그 어디에 계신가요
가슴속에 못박힌 그 사람은
나에겐 오직 하나 오직 하나뿐
어디에 계신가요 당신은 지금 어디
목메어 부르는 그대 이름
불러도 대답없는 그 이름은
아 삼다도 그 어디에 계신가요",482142973 460454135
3621622,못잊어서 또왔네,이상열,성인가요/트로트,오리지날 힛송 총결산집,김중순,김영광,19910822,https://cdnimg.melon.co.kr/cm/album/images/020/38/914/2038914_500.jpg/melon/resize/282/quality/80/optimize,0,36,"못 잊어서 또 왔네 미 -련 때문에-
못 잊어서 또 왔네 그 -대 보고파-
차가운 추억이랑 달래보려고--
울며 가던 내가왔네 못잊어왔네
그리움 찾아서 내 -가 또왔네--~
--간주곡 연주 중입니다--
--가사작성자 최영식입니다--
울고 떠난 내가 왔네 그 -리다 지쳐
울고 떠난 내가 왔네 상 -처가 아파
기나긴 세월속에 멍든 마음을--
행여 다시 달래줄까 반겨주실까
보고픈 님 찾아서 내가 또 왔네",419977882 462202047
176427,몽땅 내사랑,현미,성인가요/트로트,그리운 노래 가요 반세기 8집,유호,이봉조,19920723,https://cdnimg.melon.co.kr/cm/album/images/000/08/388/8388_500.jpg/melon/resize/282/quality/80/optimize,0,22,"길을 가다가 사장님하고 살짝 불렀더니
열에 열사람 모두가 돌아 보데요
사원 한사람 구하기가 어렵다는데
왜 그렇게 사장님은 흔한지 몰라요
앞을 봐도 뒤를 봐도 몽땅 사장님
그렇지만 사장님은 외롭고 괴로워
사랑 사랑 내 사랑 몽땅 내 사랑

길을 가다가 사장님하고 불렀는데도
그 중 한 사람 말없이 그냥 가길래
깜짝 놀라서 보았더니 전무라나요
전무님들도 올라가면 사장이 되죠
앞을 봐도 뒤를 봐도 몽땅 사장님
그렇지만 사장님은 외롭고 괴로워
사랑 사랑 내 사랑 몽땅 내 사랑",430548424 462202047
1003822,바보처럼 울었다,진송남,성인가요/트로트,히트전집,한산도,한산도,19970605,https://cdnimg.melon.co.kr/cm/album/images/003/10/258/310258_500.jpg/melon/resize/282/quality/80/optimize,0,74,"그렇게 그렇게
사랑을 하면서도
어이해 어이해
말 한마디 못한채
바보처럼 바보처럼
그 님을 잃어버리고
그까짓것 해보건만
아무래도 못잊어
아무래도 못잊어서
바보처럼 울었다
목을 놓아 울었다

차라리 차라리
생각을 말자해도
너무나 너무나
사랑했던 까닭에
바보처럼 바보처럼
미련을 버리지 못해
수소문을 해보건만
찾을길이 막연해
찾을길이 막연해서
바보처럼 울었다
소리치며 울었다",460454135
1185250,빛과 그림자,최희준,성인가요/트로트,최희준 스타앨범 힛트 21,길옥윤,길옥윤,-,https://cdnimg.melon.co.kr/cm/album/images/003/17/416/317416_500.jpg/melon/resize/282/quality/80/optimize,1,58,,408857714 462202047
4054785,사랑아 내 사랑아,태원,성인가요/트로트,내사랑 어데로 / 안개속의 비밀,김중순,김희갑,20130102,https://cdnimg.melon.co.kr/cm/album/images/021/77/787/2177787_500.jpg/melon/resize/282/quality/80/optimize,0,11,None,460454135
1185312,사랑의 종말,차중락,성인가요/트로트,차중락 힛트 앨범,이경제,이봉조,19821101,https://cdnimg.melon.co.kr/cm/album/images/003/17/420/317420_500.jpg/melon/resize/282/quality/80/optimize,0,123,"외로워 외로워서
못 살겠어요
하늘과 땅 사이에 나 혼자
사랑을 잊지 못해
애타는 마음
대답없는 메아리
허공에 지네
꽃잎에 맺힌 사랑
이루지 못해
그리움에 타는 마음
달래 가면서
이렇게 가슴이
아플줄 몰랐어요
외로워 외로워서
못 살겠어요

외로워 외로워서
못 살겠어요
하늘과 땅 사이에 나 혼자
사랑을 잊지 못해
애 타는 마음
대답없는 메아리
허공을 지네
꽃잎에 맺힌 사랑
이루지 못해
그리움에 타는 마음
달래가면서
이렇게 가슴이
아플줄 몰랐어요
외로워 외로워서
못 살겠어요",404475762 471921367
65137,사월이 가면,패티김,성인가요/트로트,길옥윤 유작집,길옥윤,길옥윤,19990218,https://cdnimg.melon.co.kr/cm/album/images/000/05/080/5080_500.jpg/melon/resize/282/quality/80/optimize,1,98,"눈을 감으면
보이는 얼굴
잠이 들면은
꿈속의 사랑
사월이 가면
떠나갈 사람
오월이 오면
울어야 할 사람
사랑이라면
너무 무정해
사랑한다면
가지를 마라
날이 갈수록
깊이 정들고
헤어보면은
애절도 해라

사랑이라면
너무 무정해
사랑한다면
가지를 마라
사월이 가면
떠나야 할 그 사람
오월이 오면
울어야 할 사람",471877661 429820239
730605,삼일로,여운,성인가요/트로트,여운 힛트 앨범,월견초,전오승,199009,https://cdnimg.melon.co.kr/cm/album/images/003/00/458/300458_500.jpg/melon/resize/282/quality/80/optimize,0,23,"삼일로 고갯길을
같이 가던 그날 밤
영원토록 이 거리를
잊지 말자고
거니는 발자욱에 새긴 그 사랑
날이 새면 지워질까
삼일로 고갯길

삼일로 가로등을
세며 가던 그날 밤
영원토록 그 등불을
잊지 말자고
거니는 순간에는 즐거웠지만
내일이면 추억남길
삼일로 고갯길",482142973 460454135
313522,새타령,김세레나,국악 국악가요,김세레나 노래선물,미상,민요,20020305,https://cdnimg.melon.co.kr/cm/album/images/000/22/961/22961_500.jpg/melon/resize/282/quality/80/optimize,0,34,"새가 날아든다 왠갖 잡새가 날아든다 

새 중에는 봉황새 만수문전에 풍년새 

삼구곡심 무인처어 수립비조 뭍새들이 

농촌 화답에 짝을 지어 생긋생긋이 날아든다 

저 쑥국 새가 울음운다 울어~~울어 울음운다 

이 산으로 가면 쑥국 쑥국 

저 산으로 가면 쑥쑥국 쑥국 

어허  어히~ 어허~

좌우로 다녀 울음운다



명랑한 새 울음운다 저 꾀꼬리가 울음운다

어디로 가나 이쁜 새 어디로 가나 귀여운 새 

왠갖 소리를 울운다하여 울어 ~울어 울음운다 

이 산으로 가면 꾀꼴 꾀꼴 

저 산으로가면  꾀꾀꼴 꾀꼴 

어허  어히~  어허~

좌우로 다녀 울음운다",460454135
2068575,섬마을 선생님,이미자,성인가요/트로트,이미자 History,이경재,박춘석,20040224,https://cdnimg.melon.co.kr/cm/album/images/005/05/151/505151_500.jpg/melon/resize/282/quality/80/optimize,0,57,"해당화 피고지는 섬마을에

철새따라 찾아온 

총각 선생님



19살 섬색시가 순정을 바쳐

사랑한 그 이름은

총각 선생님



서울엘랑 가지를 마오

가지를 마오



구름도 쫒겨가는 섬마을에

무엇하러 왔는가

총각 선생님



그리움이 별처럼 쌓이는 바닷가에

시름을 달래보는 총각 선생님

서울엘랑 가지를 마오

떠나지 마오",462202047 520728933
1632354,안개,정훈희,성인가요/트로트,정훈희 20,박현,이봉조,19831010,https://cdnimg.melon.co.kr/cm/album/images/003/50/885/350885_500.jpg/melon/resize/282/quality/80/optimize,1,79,"나홀로 걸어가는
안개만이 자욱한 이 거리
그 언젠가 다정했던
그대의 그림자 하나
생각하면 무엇 하나 지나간 추억
그래도 애타게 그리는 마음
아아아아 아아아
아아아아 아아아
그 사람은 어디에 갔을까
안개 속에 외로히
하염없이 나는 간다

돌아서면 가로막는 낮은 목소리
바람이여 안개를 걸어 가다오
아아아아 아아아
아아아아 아아아
그 사람은 어디에 갔을까
안개 속에 눈을 떠라
눈물을 감추어라",462202047 520469705
1589359,안개낀 장충단공원,배호,성인가요/트로트,배호의 마지막노래,최치수,배상태,19710101,https://cdnimg.melon.co.kr/cm/album/images/003/46/918/346918_500.jpg/melon/resize/282/quality/80/optimize,0,65,"안개낀 장충단 공원
누구를 찾아왔나
낙엽송 고목을 말없이 쓸어안고
울고만 있을까
지난 날 이 자리에 새긴 그 이름
뚜렷이 남은 이 글씨
다시 한 번 어루만지며
돌아서는 장충단 공원

비탈길 산길을 따라
거닐던 산기슭에
수많은 사연에 가슴을 움켜쥐고
울고만 있을까
가버린 그 사람이 남긴 발자취
낙엽만 쌓여 있는데
외로움을 달래가면서
돌아서는 장충단 공원",462202047 460454135
3486216,야간 졸업반,금호동,성인가요/트로트,그시절 그노래 4집,김종하,김종하,20110712,https://cdnimg.melon.co.kr/cm/album/images/013/38/255/1338255_500.jpg/melon/resize/282/quality/80/optimize,0,10,None,482142973 460454135
3677794,엘레지의 여왕,이미자,성인가요/트로트,박춘석 작곡집 (이미자 스테레오 힛트 제5집),이운석,박춘석,20120113,https://cdnimg.melon.co.kr/cm/album/images/020/65/286/2065286_500.jpg/melon/resize/282/quality/80/optimize,0,4,None,460454135
1124998,우수,남진,성인가요/트로트,남진 베스트 2,정두수,박춘석,-,https://cdnimg.melon.co.kr/cm/album/images/003/15/077/315077_500.jpg/melon/resize/282/quality/80/optimize,0,25,"맺지 못할 인연일랑 생각을 말자
마음에 다짐을 받고 또 받아
한백번 달랬지만 어쩔 수 없네
잊으려 해도 잊지 못할
그대 모습 그려볼 때
밤비는 끝없이 소리없이
내 마음 들창가에 흘러 내린다

맺지 못할 사랑일랑 생각을 말자
아쉬운 미련만 남고 또 남아
잊으려 애썼지만 잊을 길 없네
빗줄기 속에 추억 싫어
그대 이름 불러볼 때
밤비는 끝없이 하염없이
마음의 슬픔처럼 흘러 내린다",482142973 460454135
1077277,울려고 내가 왔나,남진,성인가요/트로트,남진 골든,김중순,김영광,20050923,https://cdnimg.melon.co.kr/cm/album/images/003/11/999/311999_500.jpg/melon/resize/282/quality/80/optimize,0,49,,100098432 482142973
1661562,울산큰애기,김상희,성인가요/트로트,"당신을 알고부터, 참사랑",나화랑,나화랑,19840220,https://cdnimg.melon.co.kr/cm/album/images/003/53/370/353370_500.jpg/melon/resize/282/quality/80/optimize,0,16,"내 이름은 경상도 울산 큰애기
상냥하고 복스런 울산 큰애기
서울 간 삼돌이가 편지를 보냈는데
서울에는 어여쁜 아가씨도 많지만
울산이라 큰애기가 제일 좋대나
나도야 삼돌이가 제일 좋더라
[간주중]
내 이름은 경상도 울산 큰애기
다정하고 순직한 울산 큰애기
서울 간 삼돌이가 편지를 보냈는데
성공할 날 손꼽아 기다려 준다면
좋은 선물 한 아름 안고 온대나
그래서 삼돌이가 제일 좋더라",462202047 484766885
2335775,웃는 얼굴 다정해도,윤복희,성인가요/트로트,윤복희 힛트 앨범,엄진,엄진,19821203,https://cdnimg.melon.co.kr/cm/album/images/007/04/752/704752_500.jpg/melon/resize/282/quality/80/optimize,0,42,"눈짓 몸짓 다정해도 믿을 수 없어요 
달이 가면 변할 줄 알았으니까 

웃는 얼굴 다정해도 믿을 수 없어요 
해가 가면 변할 줄 알았으니까 

만나서 하는 이야기 즐겁긴 해도 
돌아서면 잊어버리는 간지러운 속삭임 

그러니까 당신을 믿을 수 없어요 

눈짓 몸짓 다정해도 믿을 수 없어요 
달이 가면 변할 줄 알았으니까 

웃는 얼굴 다정해도 믿을 수 없어요 
해가 가면 변할 줄 알았으니까 

헤어지면 아픈 가슴 슬프긴 해도 
돌아서면 잊어버리는 쑥스러운 속삭임 

그러니까 당신을 믿을 수 없어요 -",462202047 439114839
2068585,유달산아 말해다오,이미자,성인가요/트로트,이미자 History,반야월,고봉산,20040224,https://cdnimg.melon.co.kr/cm/album/images/005/05/151/505151_500.jpg/melon/resize/282/quality/80/optimize,0,23,"꽃피는 유달산아
꽃을 따던 처녀야
달뜨는 영산강에
노래하던 총각아
그리움을 못잊어서
천리길을 왔건만
임들은 어디 갔나
다 어딜갔나
유달산아 말해다오
말 좀 해다오

옛 보던 노적봉도
변함없이 잘 있고
안개낀 삼학도에
물새들도 자는데
그리워서 서러워서
불러보는 옛노래
임이여 들으시나
못 들으시나
영산강아 말해다오
말좀해다오",484766885 482142973
176439,육군 김일병,봉봉사중창단,성인가요/트로트,그리운 노래 가요 반세기 8집,정민섭,정민섭,19920723,https://cdnimg.melon.co.kr/cm/album/images/000/08/388/8388_500.jpg/melon/resize/282/quality/80/optimize,0,22,"신병훈련 육개월에 작대기 두개 그래도 그게 어디냐고 
신나는 김일병 헤이 부라보 김일병 기상나팔에는 
투덜대지만 헤이 부라보 김일병 식사시간에는 
용감한병사 신나는 휴가때면은 서울의 거리는 내차지
나는야 졸병이지만 그녀는 멋쟁이 백발뱅중 사수에다 
인기도 좋아 헤이 부라보 핸섬보이 육군 김일병님 
용감한 병사

신병 훈련 육개월에 작대기 두개 그대로 그게 
어디냐고 신나는 김일병 헤이부라보 김일병 동네아가씨들 
맘설레놓고 헤이부라보 김일병 시침떼고가는 멋쟁이병사
아가씨 울지말아요 이다음 외출때는 만나요 살며시 
윙크해주는 그 매력넘버원 백발백중 사수에다 인기도 
좋아 헤이 부라보 핸섬보이 육군 김일병님 용감한 병사",101586651 462202047
833068,임금님의 첫사랑,이미자,성인가요/트로트,이미자 골든,임희재,백영호,20050309,https://cdnimg.melon.co.kr/cm/album/images/003/01/471/301471_500.jpg/melon/resize/282/quality/80/optimize,0,30,"북촌 마~을 산다~~는
우리~ 낭~~군~~은
어~~느댁~~ 도령인~~지
알 수~~~ 없~~~지~만
밤~에만 살~짜~~~기 찾아오~~셔서
날 울려놓~고 돌아가시는
무정한 우~리~님~은
알고보~니
임금님 이래요
임금~님이래~~~요

하늘같~이 높으~~신
우리~ 낭~~군~~은
어느~나라~~ 임금인~~지
알 수~~~ 없~~~지~만
벽~오동 사~이~~~로 달 걸어~~놓고
님 기다리~는 애끓는 마음
무정한 우~리~님~은
알고보~니 임금님이래요
임금~님이래~~~요",460454135
3621729,찻집의 부르스,성재희,성인가요/트로트,오리지날 힛송 총결산집,김영광,김영광,19931105,https://cdnimg.melon.co.kr/cm/album/images/020/38/922/2038922_500.jpg/melon/resize/282/quality/80/optimize,1,6,"그대와 같이 앉았던  
찻집의 멜로디  
어제와 같이 변함없이  
우리를 기다리는데  
오늘 다시 찾아왔겄만  
반겨줄 미소 잃어버렸네  
그대와 같이 즐기던  
찻집의 멜로디  
어제와 같이 변함없이  
우리를 기다리는데  
오늘 다시 찾아왔겄만  
반겨줄 미소 잃어버렸네  
그대와 같이 즐기던  
찻집의 멜로디  
어제와 같이 변함없이 
우리를 기다리는데",482142973 460454135
1185257,팔도강산,최희준,성인가요/트로트,최희준 스타앨범 힛트 21,신봉승,이봉조,-,https://cdnimg.melon.co.kr/cm/album/images/003/17/416/317416_500.jpg/melon/resize/282/quality/80/optimize,0,20,"팔도강산 좋을시고 딸을 찾아 백리길 팔도강산 얼싸안고
아들 찾아 천리길 에헤야 데헤야 우리 강산 얼시구
에헤야 데헤야 우리 강산 절시구 잘 살고 못 사는게
마음 먹기 달렸더라 잘 살고 못 사는게 마음 먹기 
달렸더라 줄줄이 팔도강산 좋구나 좋아

팔도강산 좋을시고 살판이 났네 팔도강산 얼싸안고
웃음꽃을 피우네 에헤야 데헤야 우리강산 얼시구
에헤야 데헤야 우리 살림 절시구 잘 살고 못 사는게
마음 먹기 달렸더라 잘 살고 못 사는게 마음 먹기 달렸더라
줄줄이 팔도강산 좋구나 좋아",462202047 407492747
1125994,하와이 연정,패티김,성인가요/트로트,패티김 베스트 2,길옥윤,길옥윤,-,https://cdnimg.melon.co.kr/cm/album/images/003/15/115/315115_500.jpg/melon/resize/282/quality/80/optimize,0,17,"사랑이란 즐겁게 왔다가 슬프게 가는것
훌라춤에 흥겹던 기쁨도
모레알에 새겨진 사연도
파도에 부서지는 이 순간 아아
가버린 그 사람 그 사랑 하와이안
기타에 목놓아 나여기 웁니다

사랑이란 살며시 왔다가 괴롭게 가는것
야자수 그늘아래 단꿈도
와이키키 해변의 맹서도
파도에 부서지는 이 순간 아아
가버린 그 사람 그 사랑 하와이안
기타에 목놓아 나여기 웁니다
나 여기 웁니다",484766885 482142973
3677798,흑산도 아가씨,이미자,성인가요/트로트,박춘석 작곡집 (이미자 스테레오 힛트 제5집),정두수,박춘석,20120113,https://cdnimg.melon.co.kr/cm/album/images/020/65/286/2065286_500.jpg/melon/resize/282/quality/80/optimize,0,7,None,460454135
1125963,9월의 노래,패티김,성인가요/트로트,패티김 베스트 2,이희우,길옥윤,-,https://cdnimg.melon.co.kr/cm/album/images/003/15/115/315115_500.jpg/melon/resize/282/quality/80/optimize,0,128,"구월이 오는 소리 다시 들으면
꽃잎이 피는 소리 꽃잎이 지는 소리
가로수에 나뭇잎은 무성해도
우리들의 마음엔 낙엽은 지고
쓸쓸한 거리를 지나노라면
어디선가 부르는듯 당신 생각뿐
구월이 오는 소리 다시 들으면
사랑이 오는소리 사랑이 가는 소리
남겨준 한 마디가 또 다시 생각나
그리움에 젖어도 낙엽은 지고
사랑을 할 때면 그 누구라도
쓸쓸한 거리에서 만나고 싶은것",413828053 446896068
3620925,가을의 연인,태원,성인가요/트로트,가을노래 모음,문용주,이철혁,19950829,https://cdnimg.melon.co.kr/cm/album/images/020/38/686/2038686_500.jpg/melon/resize/282/quality/80/optimize,0,37,"낙엽이 지기전에 구월은가고
시월이 가기전에 그리운사람
밤하늘 가득히 수놓은 별은
사연되어 조용히 비쳐만 오네
날으는 기러기도 짝을 잃으면
구만리 멀다않고 날아가는데
낙엽이 지기전에 구월은 가고
시월이 가기전에 그리운 사람
날으는 기러기도 짝을 잃으면
구만리 멀다않고 날아가는데
낙엽이 지기전에 구월은 가고
시월이 가기전에 그리운 사람",460454136 403438822
3622621,가지를 마오,강소희,성인가요/트로트,히트 앨범 (가지를 마오 / 무정),손석,유현석,19921102,https://cdnimg.melon.co.kr/cm/album/images/020/39/119/2039119_500.jpg/melon/resize/282/quality/80/optimize,1,22,"가지를 마오 
가지를 마오 
돌아서 주세요 
떠나가는 임의 마음 
섧다 섧다 하여도 
남아있는 내가슴속에 
외로움을 아신다면은 
아 가지를 마오 
돌아서 주세요 
가지를 마오 
가지를 마오 
돌아서 주세요 
밤이 되면 달을 보고 
임의 모습 그리며 
그대 없는 들창가에서 
밤이슬로 목을 축이는 
아 가지를 마오
돌아서 주세요",460454136 482098096
50942,강건너 등불,정훈희,성인가요/트로트,정훈희 골든 힛트,지웅,홍현걸,199210,https://cdnimg.melon.co.kr/cm/album/images/000/04/777/4777_500.jpg/melon/resize/282/quality/80/optimize,0,69,"그렇게도 다정하던
그 때 그 사람
언제라도 눈 감으면
보이는 얼굴
밤 하늘의 별처럼
수많은 사람 중에
아 당신 만을
잊지 못할까
사무치게 그리워서
강변에 서면
눈물속에 깜박이는
강 건너 등불

강물처럼 오랜 세월
흐르고 흘렀건만
아 당신 만을 잊지 못할까
나도 몰래 발길 따라
강변에 서면
눈물 속에 깜박이는
강 건너 등불
강 건너 등불",471921367 101413040
730613,과거는 흘러갔다,여운,성인가요/트로트,여운 힛트 앨범,정두수,전오승,199009,https://cdnimg.melon.co.kr/cm/album/images/003/00/458/300458_500.jpg/melon/resize/282/quality/80/optimize,3,279,"즐거웠던 그 날이
올 수 있다면
아련히 떠오르는
과거로 돌아가서
지금에 내 심정을 전해보련만
아무리 뉘우쳐도
과거는 흘러갔다

잃어버린 그 님을
찾을 수 있다면
까맣게 멀어져 간
과거로 돌아가서
못다한 사연들을 전해보련만
아무리 뉘우쳐도
과거는 흘러갔다",462202047 471921367
833074,그리움은 가슴마다,이미자,성인가요/트로트,이미자 골든,정두수,박춘석,20050309,https://cdnimg.melon.co.kr/cm/album/images/003/01/471/301471_500.jpg/melon/resize/282/quality/80/optimize,0,47,"애타도록 보고파도 찾을 길 없네
오늘도 그려보는 그리운 얼굴
그리움만 쌓이는데 밤 하늘에
잔별같은 수많은 사연
꽃이 피고지고 세월이 가도
그리움은 가슴마다 사무쳐오네

꿈에서도 헤맸지만 만날 길 없네
바람부는 신작로에 흩어진 낙엽
서러움만 쌓이는데
밤이슬에 젖어드는 서글픈 가슴
꽃이 다시 피는 새봄이 와도
그리움은 가슴마다 메아리치네",101404443 460454136
992916,꽃집 아가씨,봉봉사중창단,성인가요/트로트,가요 박물관,지웅,홍현걸,20040202,https://cdnimg.melon.co.kr/cm/album/images/003/09/735/309735_500.jpg/melon/resize/282/quality/80/optimize,4,122,"꽃집의 아가씨는
예뻐요 그렇게
예쁠수가 없어요
그녀만 만나면은
그녀만 만나면은
내 가슴 울렁 울렁거려
꽃집의 아가씨는
미워요 그렇게
미울수가 없어요
너무나 새침해서
너무나 새침해서
설레는 내마음을 몰라요
예쁘고 예쁜 꽃들이
모두다 방실 웃는데
꽃보다 예쁜 그녀의
귀여운 그 얼굴만
언제나 새침해
어쩌다 한번만 웃으면
마음이 약한 나는 미쳐요
새빨간 장미보다
새하얀 백합보다
천배나 만배나 예뻐요

꽃집의 아가씨는
예뻐요 그렇게
예쁠수가 없어요
단둘이 만나면은
단둘이 만나면은
너무나 상냥해요
꽃집의 아가씨는
미워요 그렇게
미울수가 없어요
남들이 보는앞엔
남들이 보는앞엔
얄밉게 쌀쌀해져요
한번만 보면 누구나
당장에 정들 꺼에요
그러나 보진 마세요
그녀가 없으면
나혼자선 못살아요
어쩌다 한번만 웃으면
마음이 약한 나는
미쳐요 새빨간
장미보다 새하얀
백합보다 천배나
만배나 예뻐요
천배나 만배나 예뻐요
천배나 만배나 예뻐요",432419135 412285882
4174614,꿀밤 삼백석,박지연,성인가요/트로트,박춘석 작곡집 - 춘하추동,정두수,박춘석,20130627,https://cdnimg.melon.co.kr/cm/album/images/021/92/929/2192929_500.jpg/melon/resize/282/quality/80/optimize,0,18,None,502987339 460454136
1185306,낙엽따라 가버린 사랑,차중락,성인가요/트로트,차중락 힛트 앨범,강찬호,외국곡,19821101,https://cdnimg.melon.co.kr/cm/album/images/003/17/420/317420_500.jpg/melon/resize/282/quality/80/optimize,2,788,"찬바람이 싸늘하게
얼굴을 스치며
따스하던 너의 두뺨이
몹시도 그리웁구나
푸르던 잎 단풍으로
곱게 곱게 물들어
그잎새에 사랑의 꿈
고이 간직하렸더니
아아아아 그 옛날이
너무도 그리워라
낙엽이 지면
꿈도 따라 가는줄
왜 몰랐던가
사랑하는 이 마음을
어찌 하오 어찌하오
너와 나의 사랑의 꿈
낙엽따라 가버렸으니

아아아아 그 옛날이
너무도 그리워라
낙엽이 지면
꿈도 따라 가는줄
왜 몰랐던가
사랑하는 이 마음을
어찌 하오 어찌하오
너와 나의 사랑의 꿈
낙엽따라 가버렸으니",101595339 518850417
992925,네잎 크로바,이규항,성인가요/트로트,가요 박물관,이인선,김영종,20040202,https://cdnimg.melon.co.kr/cm/album/images/003/09/735/309735_500.jpg/melon/resize/282/quality/80/optimize,0,32,"네잎 크로바 찾으려고
꽃수풀 잔디에서
해가는줄 몰랐네
당신에게 드리고픈
네잎 크로바 사랑의 선물
희망의 푸른꿈
당신의 행운을
당신의 충성을
바치려고 하는맘
네잎 크로바 찾으려고
헤매는 마음 네잎 크로바

희망의 푸른꿈
당신의 행운을
당신의 충성을
바치려고 하는맘
네잎 크로바 찾으려고
헤매는 마음 네잎 크로바",460454136 482098096
991753,능금빛 순정,신행일,성인가요/트로트,배호 애창곡,조흥열,배상태,19901201,https://cdnimg.melon.co.kr/cm/album/images/003/09/652/309652_500.jpg/melon/resize/282/quality/80/optimize,0,23,,460454136 482098096
45848,단벌신사,김상희,성인가요/트로트,김상희 스타앨범 21,김문응,정민섭,19921201,https://cdnimg.melon.co.kr/cm/album/images/000/03/636/3636_500.jpg/melon/resize/282/quality/80/optimize,0,26,"단벌 신사 우리 애인은
서른 한 살 노총각님
단벌 옷에 넥타이 두개
언제나 변함없죠
멋이야 없지만 마음만은 진실해
주머니가 텅텅 비어
데이트를 못해도
단벌 신사 노총각님
당신을 사랑해요

단벌 신사 우리 애인은
서른 한 살 노총각님
단벌 구두 다 떨어져도
태연한 그 마음씨
돈이야 없지만 마음만은 미더워
흔해 빠진 영화관에
구경 한번 못 해도
단벌 신사 노총각님
당신을 사랑해요",460454136 482098096
1003933,딜라일라,조영남,성인가요/트로트,'91 조영남,조영남,외국곡,19910101,https://cdnimg.melon.co.kr/cm/album/images/003/10/266/310266_500.jpg/melon/resize/282/quality/80/optimize,2,87,"i saw the light on the night
that i passed by her window
i saw the flickering shadows
of love on her blind
she was my woman
as she deceived me
i watched and
went out of my mind
my my my delilah
why why why delilah
i could see that girl was
no good for me
but i was lost like a slave
that no man could free
밤 깊은 골목길
그대 창문 앞 지났네
창문에 비치는 희미한 두 그림자
그댄 내 여인 날 두고
누구와 사랑을 속삭이나
오 나의 딜라일라
왜 날 버리는가
애타는 이 가슴 달랠 길 없어
복수에 불 타는 마음만 가득찼네

그댄 내 여인 날 두고
누구와 사랑을 속삭이나
오 나의 딜라일라
왜 날 버리는가
애타는 이 가슴 달랠 길 없어
복수에 불 타는 마음만 가득찼네
forgive me delilah
i just couldn't take any more",413868198 457823972
1749953,무작정 걷고싶어,정원,성인가요/트로트,"갈테면 가라지, 인생은 본전",김경아,김영종,19920801,https://cdnimg.melon.co.kr/cm/album/images/003/59/546/359546_500.jpg/melon/resize/282/quality/80/optimize,0,23,"무작정 걷고싶어
고요한 순간에서
무작정 걷고싶어
보고픈 사람이라
밤비오는 거리를
내가슴 숨어진
그리움을 노래하며
무작정 걷고 싶어
- 간 주 중 -
그리운 님이기에
밤비오는 거리를
가슴에 간직한
그리움을 부르면서
무작정 걷고싶어",460454136 482098096
1925268,별빛속의 Love Letter,최희준,성인가요/트로트,"2006 김기웅 작품집(창작성가,추억의 가요걸작선)",전우,김기웅,20060101,https://cdnimg.melon.co.kr/cm/album/images/003/97/297/397297_500.jpg/melon/resize/282/quality/80/optimize,1,11,,460454136 482098096
1124975,별아 내가슴에,남진,성인가요/트로트,남진 베스트 1,정두수,박춘석,-,https://cdnimg.melon.co.kr/cm/album/images/003/15/074/315074_500.jpg/melon/resize/282/quality/80/optimize,0,17,,101558540 460454136
1091690,서울이여 안녕,이미자,성인가요/트로트,이미자 골든2집,한운사,백영호,20050915,https://cdnimg.melon.co.kr/cm/album/images/003/12/687/312687_500.jpg/melon/resize/282/quality/80/optimize,0,12,"안녕 안녕 서울이여 안녕
그리운 님찾아 바다 건너 천리길
쌓이고 쌓인 회포 풀려고 왔는데
님의 마음 변하고 나홀로 돌아가네
그래도 님 계시는
서울하늘 바라보며
안녕 안녕 서울이여 안녕

안녕 안녕 서울이여 안녕
아득한 옛날 어려운 일 이기고
백년을 같이 하자 맹세를 했는데
세월이 님을 앗아 나혼자 울고가네
그래도 님 계시는
서울하늘 바라보며
안녕 안녕 서울이여 안녕",100098479 100098656
3670568,아네모네,이미자,성인가요/트로트,이미자히트 제6집,정두수,박춘석,20111226,https://cdnimg.melon.co.kr/cm/album/images/020/61/531/2061531_500.jpg/melon/resize/282/quality/80/optimize,0,3,"아네모네는 피는데
아네모네는 피는데
아련히 떠오르는 그모습 잊을길 없네
해가 져도 달이 떠도
가슴 깊이 새겨진
떠나간 그 사람을 변할 길은 없는가
이슬에 젖은 꽂송이
아네모네는 지는가
별빛에 피어나서 쓸쓸히 짚을 푸리라
마음 받쳐
그 사람을 사모하고 있지만
떠나간 그 사람을 달랠 길은 없는가",460454136
46264,아카시아 이별,이영숙,발라드 성인가요/트로트,마지막키스/그림자,윤두천,정풍송,19970101,https://cdnimg.melon.co.kr/cm/album/images/000/06/713/6713_500.jpg/melon/resize/282/quality/80/optimize,1,32,,471921367 460454136
3663098,여자의일생,이미자,성인가요/트로트,이미자히트 제8집,한산도,백영호,20111226,https://cdnimg.melon.co.kr/cm/album/images/020/57/566/2057566_500.jpg/melon/resize/282/quality/80/optimize,0,42,"참을수가 없도록 이가슴이 아파도
여자이기 때문에 말한마디 못하고
헤아릴수 없는설움 혼자 지닌채
고달픈 인생길을 허덕이면서
아 참아야 한다기에
눈물로 보냅니다 여자의일생
견딜수가 없도록 외로워도 슬퍼도
여자이기 때문에 참아야만 한다고
내스스로 내마음을 달래어가며
비탈진 인생길을 허덕이면서
아 참아야 한다기에
눈물로 보냅니다 여자의 일생",426406803 522130349
313526,짚세기 신고 왔네,김세레나,국악 국악가요,김세레나 노래선물,유호,최창권,20020305,https://cdnimg.melon.co.kr/cm/album/images/000/22/961/22961_500.jpg/melon/resize/282/quality/80/optimize,0,10,"사랑이 별거드냐
좋아하면 사랑이지
이래저래 정이 들면
호박꽃도 꽃이랑께
연분이 따로 있나
짝이 맞으면 연분이지
요모저모 뜯어보면
쓸만한데 있드란다
기왕에 만났으니
잘살아 보자구요 예

사랑이 별거드냐
지나봐야 알것이야
요래 저래 눈에 들면
그럭저럭 살겠더라
지지고 볶아본들
만났으면 별 수 없지
천하일색 양귀비도
시들으니 그만이다
기왕에 만났으니
잘살아 보자구요 예",460454136
65537,처녀 농군,최정자,성인가요/트로트,최정자 Golden Hit,임영일,황우루,1994,https://cdnimg.melon.co.kr/cm/album/images/000/07/196/7196_500.jpg/melon/resize/282/quality/80/optimize,1,29,"홀어머니 내 모시고
살아가는 세상인데
이 몸이 처녀라고
이 몸이 처녀라고
남자일을 못 하나요
소몰고 논밭으로
이랴 어서 가자
해뜨는 저 벌판에
이랴 어서 가자
밭갈이 가자

홀로 계신 우리 엄마
내 모시고 사는 세상
이 몸이 여자라고
이 몸이 여자라고
남자 일을 못 하나요
꼴망태 등에 메고
이랴 어서 가자
해 뜨는 저 벌판에
이랴 어서 가자
밭갈이 가자",460454136 482098096
833078,첫눈 내린 거리,이미자,성인가요/트로트,이미자 골든,이용일,백영호,20050309,https://cdnimg.melon.co.kr/cm/album/images/003/01/471/301471_500.jpg/melon/resize/282/quality/80/optimize,0,30,"꽃피는 시절엔 
둘이서 가던 길을
눈내리는 계절엔 
나홀로 걸어가네
사랑한다고 변치말자고
맹세하던 그 님은 어디로 가고
첫 눈 내린 이 거리엔
슬픔만 가득 찼네
새 울던 언덕을 
둘이서 걸어가며 
변함 없이 살자고 
기약한 그 사람아
언제까지나 함께 살자던 
믿고 믿은 그 마음 어디로 가고
첫 눈 내린 이 거리를
나 홀로 걷게 하나",460454136
45845,코스모스 피어있는 길,김상희,성인가요/트로트,김상희 스타앨범 21,하중희,김강섭,19921201,https://cdnimg.melon.co.kr/cm/album/images/000/03/636/3636_500.jpg/melon/resize/282/quality/80/optimize,0,58,"코스모스 한들한들 피어있는 길
향기로운 가을길을 걸어 갑니다
기다리는 마음같이 초조하여라
단풍같은 마음으로 노래 합니다
길어진 한 숨이 이슬에 맺혀서
찬 바람 미워서 꽃속에 숨었나
코스모스 한들한들 피어있는 길
향기로운 가을길을 걸어 갑니다

길어진 한 숨이 이슬에 맺혀서
찬 바람 미워서 꽃속에 숨었나
코스모스 한들한들 피어있는 길
향기로운 가을길을 걸어 갑니다
걸어갑니다 걸어 갑니다",462202047 455380102
833077,황혼의 블루스,이미자,성인가요/트로트,이미자 골든,박춘석,정두수,20050309,https://cdnimg.melon.co.kr/cm/album/images/003/01/471/301471_500.jpg/melon/resize/282/quality/80/optimize,0,33,"황혼이 질 때면 생각나는 그 사람
가슴 깊이 맺힌 슬픔 영원토록 잊을 길은 없는데
별처럼 아름답던 그 추억이 내 마음을 울려주네
목이 매어 불러보는 당신의 그 이름.

황혼이 질 때면 보고 싶은 그 얼굴
마음속에 아로새긴 당신 모습 잊을 길은 없는데
꿈같이 행복했던 그 시절이 그리워서 눈물지네
목이 매어 불러보는 당신의 그 이름.",460454136
46263,가을이 오기전에,이영숙,성인가요/트로트,마지막키스/그림자,정진성,정진성,19970101,https://cdnimg.melon.co.kr/cm/album/images/000/06/713/6713_500.jpg/melon/resize/282/quality/80/optimize,2,178,"지난여름 능금이 익어갈때
우리는 꿈꾸었지 가을에 올 행복을
그러나 철없는 여인의 허무한 꿈
능금이 빨갛게 익기도 전에 사랑은 끝났는가 
행복한 꿈의 계절 가을이 오기전에

지난여름 능금이 익어갈때
부푸른 가슴으로 가을을 기다렸지
그러나 가엾은 여인의 서러운 꿈
눈물만 얼룩진 추억을 두고 사랑은 떠났는가
풍성한 꿈의 계절 가을이 오기전에",101413040 460454130
1124692,강촌에 살고싶네,나훈아,성인가요/트로트,나훈아 베스트 2,김설강,김학송,-,https://cdnimg.melon.co.kr/cm/album/images/003/15/061/315061_500.jpg/melon/resize/282/quality/80/optimize,1,430,"날이새면 물새들이
시름없이 날으는
꽃피고 새가우는
논밭에 묻혀서
씨뿌려 가꾸면서
땀을 흘리며
냇가에 늘어진
버드나무 아래서
조용히 살고 파라
강촌에 살고 싶네

해가지면 뻐꾹새가
구슬프게 우는밤
희미한 등불밑에
모여 앉아서
다정한 친구들과
정을 나누고
흙내음 마시며
내일 위해 일하며
조용히 살고파라
강촌에 살고 싶네",472311354 462202047
46261,그림자,이영숙,성인가요/트로트,마지막키스/그림자,가람,김학송,19970101,https://cdnimg.melon.co.kr/cm/album/images/000/06/713/6713_500.jpg/melon/resize/282/quality/80/optimize,0,82,"외로운 밤에 나의 창문을
흔드는 이 누구일까
잠못 이뤄서 찾아나온
우리님일까

반가움에 일어나 창문을 여니
말도 없이 찾아온 바람이었네
외로움에 우는 내가슴을
살며시 흔들었네

깊어가는 밤 나의 창가에
비치는 저 그림자는
보고 싶어서 찾아나온
우리님일까

깜짝 놀라 일어나 창문을 여니
뜰에 있는 소나무 그림자였네
외로움에 우는 내 가슴을
얄밉게 놀려주네

반가움에 일어나 창문을 여니
말도 없이 찾아온 바람이었네
외로움에 우는 내 가슴을
살며시 흔들었네
외로움에 우는 내 가슴을
살며시 흔들었네
살며시 흔들었네
살며시 흔들었네
살며시 흔들었네",460454130 513554562
4024091,그 사람,키보이스,성인가요/트로트,골드 (바닷가의 추억),지웅,김희갑,19910801,https://cdnimg.melon.co.kr/cm/album/images/021/73/970/2173970_500.jpg/melon/resize/282/quality/80/optimize,0,64,"그 사람 그 사람 내 생전 처음으로 
그 사람 그 사람 사랑의 기쁨을 
기쁨을 알려준 사람 
그 사람 그 사람 내 가슴 가득히 
그 사람 그 사람 사랑의 슬픔만 
남기고 떠나간 사람 
저 별은 알아주리 
내 뺨에 흐른 눈물 
그 사람 그 사람 생각만 하면은 
그 사람 그 사람 가슴이 아파요 
이제는 가버린 사람 
아 아 아 아 아 아 루루루루루
저 별은 알아주리 
내 뺨에 흐른 눈물 
그 사람 그 사람 생각만 하면은 
그 사람 그 사람 가슴이 아파요 
이제는 가버린 사람 
루루루루루",454868689 460454130
605709,금산아가씨,김하정,성인가요/트로트,2004 김하정의 모든것,이철역,김운하,20040730,https://cdnimg.melon.co.kr/cm/album/images/000/40/165/40165_500.jpg/melon/resize/282/quality/80/optimize,1,85,"별과도 속삭이네 눈웃음 피네
부풀은 열 아홉살 순정 아가씨
향긋한 인삼 내음 바람에 실어
어느 고을 도령에게 시집 가려나
총각들의 애만 태우는 금산 아가씨

새하얀 꽃잎처럼 마음도 하얀
열아홉 꿈을 꾸는 순정 아가씨
산 넘어 구름 아래 누가 산다고
노래마다 그리운 정 가득히 담아
안보면은 보고만 싶은 금산 아가씨",460454130 513554562
313525,꽃타령,김세레나,국악 국악가요,김세레나 노래선물,이인선,김종유,20020305,https://cdnimg.melon.co.kr/cm/album/images/000/22/961/22961_500.jpg/melon/resize/282/quality/80/optimize,0,22,"꽃 사시요, 꽃을 사시요, 꽃을 사 

사랑 사랑 사랑 사랑 사랑 사랑의 꽃이로구나 



꽃바구니 울러매고 꽃 팔러 나왔소 

붉은 꽃 파란 꽃, 노랗고도 하얀 꽃 

남색 자색의 연분홍 울긋불긋 빛난 꽃

아롱다롱의 고운 꽃 

꽃 사시요, 꽃사, 꽃을 사시요, 꽃을 사 

사랑 사랑 사랑 사랑 사랑 사랑의 꽃이로구나 



봉올봉을 맺힌 꽃, 숭올숭올 달린 꽃

방실방실 웃는 꽃, 활짝 피었네 다 핀 꽃

벌 모아 노래한 꽃, 나비 앉아 춤춘 꽃 

꽃 사시요, 꽃 사, 꽃을 사시요, 꽃을 사 

사랑 사랑 사랑 사랑 사랑 사랑의 꽃이로구나 



이 송이 저 송이 각 꽃송이 향기가 풍겨 나온다

이 꽃 저 꽃, 저 꽃 이 꽃, 해당화 모란화

난초지초 왠갖 행초 작약 목단에 장미화 

꽃 사시요, 꽃 사, 꽃을 사시요, 꽃을 사

사랑 사랑 사랑 사랑 사랑 사랑의 꽃이로구나",460454130 513554562
1124854,님 그리워,나훈아,성인가요/트로트,트롯트 세상 1,심형섭,심형섭,-,https://cdnimg.melon.co.kr/cm/album/images/003/15/067/315067_500.jpg/melon/resize/282/quality/80/optimize,0,70,,101413040 460454130
86877,님아,펄 시스터즈,R&B/Soul,펄 시스터즈,신중현,신중현,19800301,https://cdnimg.melon.co.kr/cm/album/images/000/05/000/5000_500.jpg/melon/resize/282/quality/80/optimize,7,189,"멀리 떠난 내 님아
언제나 돌아 오려나
나의 사랑 내 님아
언제나 돌아 오려나
둥근 달이 떠오르고
또 다시 기울어 가도
한번 떠난 내 님은 또 다시
돌아오지 않네

봄이 가고 푸른 잎에
낙엽이 지고 또 지고
온다 하던 그 날은
수 없이 지나가 버렸네
젊은 날의 내 청춘도
지나가 버렸건마는
변함없는 내 사랑은
오늘도 기다려 지네

지난 날 그가 말했듯이
그 날을 잊지 말아요
그 날을 기다려 줘요
멀리 떠난 내 님아
언제나 돌아오려나
나의 사랑 내 님아
언제나 돌아오려나
둥근 달이 떠오르고
또 다시 기울어 가도
한번 떠난 내 님은
또 다시 돌아오지 않네

루루루루루 루루루
루루루 루루 루루루
루루루루루 루루루
루루루 루루 루루루
젊은 날의 내 청춘도
지나가 버렸건마는
변함없는 내 사랑은
오늘도 기다려 지네

님아
님아
님아
님아
님아",426401303 425793561
991749,당신,신행일,성인가요/트로트,배호 애창곡,전우,나규호,19901201,https://cdnimg.melon.co.kr/cm/album/images/003/09/652/309652_500.jpg/melon/resize/282/quality/80/optimize,0,39,"보내야 할 당신
마음대로 떠나도
가야만 할 당신
미련 남기지말고
맺지 못할 사랑인줄을
알면서도 사랑한 것을
싸늘한 뺨에 흘러내리는
눈물의 상처되어
다시는 못올 머나먼 길을
떠나야할 당신

보내야할 당신
마음대로 떠나도
가야만 할 당신
미련 남기지말고
맺지 못할 사랑인줄을
알면서도 사랑한 것을
싸늘한 뺨에 흘러내리는
눈물의 상처되어
다시는 못올 머나먼 길을
떠나야할 당신",460454130 513554562
3592974,두글자,박건,성인가요/트로트,오리지날 힛송 총결산집,허현,허현,19831101,https://cdnimg.melon.co.kr/cm/album/images/020/26/606/2026606_500.jpg/melon/resize/282/quality/80/optimize,0,38,None,460454130 513554562
47701,떠나야할 그 사람,펄 시스터즈,R&B/Soul,펄 시스터즈,신중현,신중현,19800301,https://cdnimg.melon.co.kr/cm/album/images/000/05/000/5000_500.jpg/melon/resize/282/quality/80/optimize,1,315,"떠나야 할 그 사람
잊지 못할 그대여
하고싶은 그 말을
다 못하고 헤어져
사무친 이 가슴
나 혼자 나 혼자서
숨길 수 없어요
숨길 수 없어요
오 붉은 태양
변함없이 뜨겁게 타고
푸른 하늘엔
흰 구름도 흐르는데
보내야 할 내 마음
잊어야 할 내 마음
맺지 못할 그 사랑
눈물만이 가득해
사무친 이 가슴
나 혼자 나 혼자서
숨길 수 없어요
숨길 수 없어요

오 붉은 태양
변함없이 뜨겁게 타고
푸른 하늘엔
흰 구름도 흐르는데
보내야 할 내 마음
잊어야 할 내 마음
맺지 못할 그 사랑
눈물만이 가득해
사무친 이 가슴
나 혼자 나 혼자서
숨길 수 없어요
숨길 수 없어요",426401303 462202047
1124945,미워도 다시 한번,남진,성인가요/트로트,남진 베스트 1,김진경,이재현,-,https://cdnimg.melon.co.kr/cm/album/images/003/15/074/315074_500.jpg/melon/resize/282/quality/80/optimize,0,97,"이 생명 다바쳐서
죽도록 사랑했고
순정을 다바쳐서
믿고 또 믿었건만
영원히 그 사람을
사랑해선 안될 사람
말 없이 가는 길에
미워도 다시 한 번
아 아 안녕

지난 날 아픈 가슴
오늘의 슬픔이여
여자의 숙명인가
운명의 장난인가
나만이 가야하는
그 사랑의 길이기에
울면서 돌아설 때
미워도 다시 한 번
아 아 안녕",454914652 453713681
2531477,미워하지 마세요,이영숙,성인가요/트로트,70 & 80 Best Songs 3,고향,남국인,20070515,https://cdnimg.melon.co.kr/cm/album/images/007/60/352/760352_500.jpg/melon/resize/282/quality/80/optimize,0,32,"미워하지 마세요 내사랑 부탁해요
당신만을 사랑하고 행복하게 살고 싶었지만
너무나 수많은 사연때문에
당신을 버리고 떠나는 내마음
미워하지 마세요 내사랑 부탁해요
남몰래 흐느끼며 이렇게 울고 갑니다
미워하지 마세요 내사랑 부탁해요
당신만을 사랑하고 행복하게 살고 싶었지만
너무나 괴로운 사연때문에
당신의 곁에서 떠나는 내마음
미워하지 마세요 내사랑 부탁해요
남몰래 흐느끼며 이렇게 울고 갑니다",460454130 513554562
992929,부모,유주용,성인가요/트로트,가요 박물관,김소월,서영은,20040202,https://cdnimg.melon.co.kr/cm/album/images/003/09/735/309735_500.jpg/melon/resize/282/quality/80/optimize,1,174,"낙엽이 우수수
떨어질 때
겨울의 기나긴밤
어머님하고
둘이 앉아
옛이야기 들어라
나는 어쩌면 생겨나와
이 이야기 듣는가
묻지도 말아라
내일날에
내가 부모되어서
알아보리라
낙엽이 우수수
떨어질 때
겨울의 기나긴밤
어머님하고
둘이 앉아
옛이야기 들어라
나는 어쩌면 생겨나와
이 이야기 듣는가
묻지도 말아라
내일날에
내가 부모되어서
알아보리라
낙엽이 우수수
떨어질 때
겨울의 기나긴밤
어머님하고
둘이 앉아
옛이야기 들어라
나는 어쩌면 생겨나와
이 이야기 듣는가
묻지도 말아라
내일날에
내가 부모되어서
알아보리라
알아보리라",462202047 411064210
1661558,빨간 선인장,김상희,성인가요/트로트,"당신을 알고부터, 참사랑",윤혁민,김강섭,19840220,https://cdnimg.melon.co.kr/cm/album/images/003/53/370/353370_500.jpg/melon/resize/282/quality/80/optimize,0,45,"마른잎이 굴러도 찬바람이 불어와도
내 가슴은 언제나 따스한 님의 입김
앙상한 가지마다 눈보라가 몰아쳐도
내 가슴은 언제나 따스한 님의 음성
혼자서 가는 길이 외롭고 괴로워도
눈물에 젖은 길이 자꾸만 흐려져도
앙상한 가지마다 눈보라가 몰아쳐도
빨간 선인장은 봄을 기다립니다 

마른잎이 굴러도 찬바람이 불어와도
내 가슴은 언제나 따스한 님의 입김
앙상한 가지마다 눈보라가 몰아쳐도
내 가슴은 언제나 따스한 님의 음성
혼자서 가는 길이 외롭고 괴로워도
눈물에 젖은 길이 자꾸만 흐려져도
앙상한 가지마다 눈보라가 몰아쳐도
빨간 선인장은 봄을 기다립니다",460454130 513554562
3592993,사나이부르스,배성,성인가요/트로트,오리지날 힛송 총결산집,고향,남국인,20041001,https://cdnimg.melon.co.kr/cm/album/images/020/26/626/2026626_500.jpg/melon/resize/282/quality/80/optimize,0,47,"사랑하려거든
불같이 뜨겁게 하고
이별을 하려거든
미련도 후회도 버려라
서로가 좋아서 사랑했다가
서로가 싫어서 헤어졌다면 아아
미움도 원망도 가슴에 상처도
사나이 답게 사나이 답게
잊어 버려라
사랑하려거든 불같이 뜨겁게 하고
헤어져 돌아설땐
눈물도 한숨도 버려라
서로가 좋아서 사랑했다가
서로가 싫어서 헤어졌다면 아아
뜨거운 눈물도 쓰라린 상처도
사나이 답게 사나이 답게
잊어버려라",460454130 513554562
1077285,사람나고 돈났지,남진,성인가요/트로트,남진 골든,이성재,백영호,20050923,https://cdnimg.melon.co.kr/cm/album/images/003/11/999/311999_500.jpg/melon/resize/282/quality/80/optimize,1,35,"사람 나고 돈났지
돈나고 사람이 났다더냐
급하면 돌아가라
말이 있듯이
부귀영화 좋다지만
덤벼선 안돼
돈이란 돌고 돌아
돌아 가다가
누구나 한번쯤은
참는다지만
허겁지겁 덤비다는
코만 깨지고
잡았다고 까불다는
서글어진다
사람 나고 돈났지
돈나고 사람이 났다더냐

사람 나고 돈났지
돈나고 사람이 났다더냐
돈이란 쓰는 맛에
돈이라는데
무슨 수로 벌었는지
알 순 없지만
돈이란 무서웁다
무서웁다고
죽기를 기를 쓰고
찾고 있지만
저 세상에 돌아갈때
빈 손인 것을
인심이나 쓰고 가지
벌어서 뭘해
사람 나고 돈났지
돈나고 사람이 났다더냐",100098432 471921367
64066,사랑은 계절따라,박건,성인가요/트로트,박건 대표곡 모음,가람,만인설,1992,https://cdnimg.melon.co.kr/cm/album/images/000/06/047/6047_500.jpg/melon/resize/282/quality/80/optimize,1,59,"여름에 만난 사람
가을이면 가버리고
가을에 만난 사람
겨울이면 떠나가네
어디서 왔다가
어느 곳으로 가는지
계절이 다시 오면
그대 오려나 그대는 오려나
그대는 떠나가도
계절만은 돌아오고
사랑은 떠나가도
그대만은 못잊겠어요

웃으며 만났다
아 웃으며 떠난 그 사람
계절이 다시 오면 돌아와주오
돌아와주오
그대는 떠나가도
계절만은 돌아오고
사랑은 떠나가도
그대만은 못잊겠어요",460454130 513554562
1124702,사랑은 눈물의 씨앗,나훈아,성인가요/트로트,나훈아 베스트 2,남국인,김영광,-,https://cdnimg.melon.co.kr/cm/album/images/003/15/061/315061_500.jpg/melon/resize/282/quality/80/optimize,0,89,"&lt;1절  
사랑이 무어냐고 
물으신다면 
눈물의 씨앗이라고 
말하겠어요 
먼 훗날 당신이 나를 
버리지 않겠지요 
서로가 헤어지면 
모두가 괴로워서 
울테니까요 
 
&lt;2절  
이별이 무어냐고 
물으신다면 
눈물의 씨앗이라고 
대답할테요 
먼 훗날 당신이 나를 
버리지 않겠지요 
서로가 헤어지면 
모두가 괴로워서 
울테니까요",438206014 430862017
528046,사랑하는 마리아,패티김,발라드,패티김 45주년 라이브 콘서트: I Did It My Way(Live At The Sejong Center For The Performing Arts),길옥윤,길옥윤,20040608,https://cdnimg.melon.co.kr/cm/album/images/000/34/862/34862_500.jpg/melon/resize/282/quality/80/optimize,0,75,"마리아 마리아 사랑하는 마리아
마리아 마리아 사랑하는 마리아
그대를 보내고 나서 꽃을 심었네
서러운 마음에 꽃을 심었네
마리아 마리아 사랑하는 마리아
마리아 마리아 사랑하는 마리아
봄은 또 다시 오고 꽃은 피었네
그리움처럼 꽃은 피었네
마리아 마리아 사랑하는 마리아
마리아 마리아 사랑하는 마리아
그대 얼굴을 보듯이 꽃을 보았네
내 품에 돌아오라고 꽃을 보았네
마리아 마리아 사랑하는 마리아
마리아 마리아 사랑하는 마리아
그대를 잊으려고 꽃을 꺾었네
눈물을 흘리면서 꽃을 꺾었네
마리아 마리아 사랑하는 마리아
마리아 마리아 사랑하는 마리아
마리아 마리아 마리아
마리아 마리아",100098421 462202047
1125993,서울의 찬가,패티김,성인가요/트로트,패티김 베스트 2,길옥윤,길옥윤,-,https://cdnimg.melon.co.kr/cm/album/images/003/15/115/315115_500.jpg/melon/resize/282/quality/80/optimize,0,48,,462202047 460454130
193896,석류의 계절,정은숙,성인가요/트로트,한국가요사 9집,김진욱,백영호,19920101,https://cdnimg.melon.co.kr/cm/album/images/000/08/754/8754_500.jpg/melon/resize/282/quality/80/optimize,0,59,"밤이 지나고 햇살이 부실 때
빨간 알알의 석류는 웃는데
차거운 별 아래 웃음이 지면서
메마른 가지에 석류 한 송이
가을은 외로운 석류의 계절

그늘 지나고 햇살이 부실 때
빨간 알알의 석류는 웃는데
바람이 차면서 낙엽이 지면서
메마른 가지에 석류 한 송이
가을은 외로운 석류의 계절",487343960 460454130
313521,성주풀이,김세레나,국악 국악가요,김세레나 노래선물,민요,민요,20020305,https://cdnimg.melon.co.kr/cm/album/images/000/22/961/22961_500.jpg/melon/resize/282/quality/80/optimize,0,46,"낙 영 성 십리 허에 높고 낮은 저 무덤은
영웅호걸 이 몇몇이며 절세가인이 그 누구냐
우리네 인생 한번가면 저기 저 모양 될 터이니
에라 만수 에라 대신이야

저 건너 잔솔밭에 솔솔 기는 저 포수야
저 산비둘기 잡지 마라 저 비둘기는 나와같이
님을 잃고 밤새도록 님을 찾아 헤맸노라
에라 만수 에라 대신이야

한 송 정 솔을 베어 조그맣게 배를 지어
술렁술렁 배 띄워놓고 술이나 안주 가득싣고
강능경포대 달구경 가세 두리 둥실 달구경 가세
에라 만수 에라 대신이야",460454130 513554562
440806,웨딩 드레스,한상일,성인가요/트로트,가요백년사(歌謠百年史) 다시 듣고싶은 그 시절 그 노래...,이희우,정풍송,20040101,https://cdnimg.melon.co.kr/cm/album/images/000/30/446/30446_500.jpg/melon/resize/282/quality/80/optimize,0,124,"당신의 웨딩드레스는 정말 아름다웠소
춤추는 웨딩드레스는 더욱 아름다웠소
우리를 울였던 지난 날은
이제와 생각하니 사랑이었소
우리가 미워한 지난 날도
이제와 생각하니 사랑이었소
당신의 웨딩드레스는 눈빛 순결이었소
잠자는 웨딩드레스는 레몬 향기였다오

당신의 웨딩드레스는 정말 아름다웠소
춤추는 웨딩드레스는 더욱 아름다웠소
우리를 울렸던 비바람은
이제와 생각하니 사랑이었소
우리가 미워한 눈보라도
이제와 생각하니 사랑이었소
당신의 웨딩드레스는 눈빛 순결이었소
잠자는 웨딩드레스는 레몬 향기였다오",412285882 462202047
3622627,잊을 수만 있다면,강소희,성인가요/트로트,히트 앨범 (가지를 마오 / 무정),이호,이호,19921102,https://cdnimg.melon.co.kr/cm/album/images/020/39/119/2039119_500.jpg/melon/resize/282/quality/80/optimize,0,29,"잊을수만 있다면
잊을수만 있다면
두번 다시 남산길을 찾지 않으리
세월이 흘러가면 잊으련만은
흐르고 또 흘러도 잊을 길 없어
비가 내리는 남산 길을
홀로 걸어갑니다
잊을수만 있다면
잊을수만 있다면
내가버린 옛사랑을 생각 않으리
소낙비 쏟아지면 씻겨지리라
내 마음 달래여도 잊을길없어
가로등 꺼진 추억속을
홀로 걸어 갑니다",460454130 513554562
992960,주란꽃,문주란,성인가요/트로트,가요 박물관,하중희,서동민,20040202,https://cdnimg.melon.co.kr/cm/album/images/003/09/735/309735_500.jpg/melon/resize/282/quality/80/optimize,0,83,"내 너와 떠나던 날
저 하늘도 흐렸고
다시 만날 기약없이
머나먼 길 떠나왔네
길가에 한송이
외로운 꽃처럼
내 이름은 주란꽃
내 다시 피어 나서
옛날같이 살고 싶어
꿈길속에 피워 보는
한송이 주란꽃

이제는 돌아와서
옛날 일을 생각하니
어리석었던 지난 날
한숨속에 덧없어라
길가에 한송이
외로운 꽃처럼
내 이름은 주란꽃
내 다시 돌아와서
눈물 없던 어린 시절
꿈길 속에 피워 보는
한송이 주란꽃",460454130 513554562
452902,천리길,나훈아,성인가요/트로트,나훈아 골든,김영광,김영광,20030423,https://cdnimg.melon.co.kr/cm/album/images/000/31/028/31028_500.jpg/melon/resize/282/quality/80/optimize,0,66,"돌뿌리 가시밭 길
산을 넘어 천리길
반겨주실 님을 찾아
강을 건너 천리길
아련한 추억속에
마음 변해 시든 사랑
울며 갈길 왔던 내가
잘못 이던가


옛정을 생각하며
강을 건너 천리길
반겨주실 님을 찾아
사랑 찾아 천리길
캄캄한 밤하늘에
아픈 마음 달래는데
울며 갈길 왔던 내가
잘못 이던가",100098449 100098432
47700,커피 한 잔,펄 시스터즈,R&B/Soul,펄 시스터즈,신중현,신중현,19800301,https://cdnimg.melon.co.kr/cm/album/images/000/05/000/5000_500.jpg/melon/resize/282/quality/80/optimize,2,766,"커피 한잔을 시켜놓고
그대 올때를 기다려봐도
왠일인지 오지를 않네
내속을 태우는구려
8분이 지나고 9분이 오네
1분만 지나면 나는 가요
정말 그대를 사랑해
내 속을 태우는구려

아 그대여 왜 안오시나
아 내 사람아
오 기다려요
오 기다려요 오 기다려요

불덩이같은 이 가슴 엽차
한잔을 시켜봐도
보고싶은 그대 얼굴
내 속을 태우는구려

아 그대여 왜 안오시나
아 내 사람아
오 기다려요 오 기다려요
오 기다려요

불덩이같은 이 가슴 엽차
한잔을 시켜봐도
보고싶은 그대 얼굴
내 속을 태우는구려

내 속을 태우는구려",502978023 413075037
2607868,하얀손수건,트윈 폴리오,포크/블루스,The Musician Series G,조용호,외국 곡,20060501,https://cdnimg.melon.co.kr/cm/album/images/008/26/952/826952_500.jpg/melon/resize/282/quality/80/optimize,0,33,"헤어지자 보내온 그녀의 편지 속에
곱게 접어 함께 부친 하얀 손수건
고향을 떠나올때 언덕에 홀로 서서
눈물로 흔들어주던 하얀 손수건
그때의 눈물 자욱 사라져 버리고
흐르는 내 눈물이 그 위를 적시네
헤어지자 보내온 그녀의 편지 속에
곱게 접어 함께 부친 하얀 손수건
고향을 떠나올때 언덕에 홀로 서서
눈물로 흔들어주던 하얀 손수건
그때의 눈물 자욱 사라져 버리고
흐르는 내 눈물이 그 위를 적시나",100124510 460454130
3681633,한번 준 마음인데,이미자,성인가요/트로트,박춘석 작곡집 (이미자st. 9집),정두수,박춘석,20120118,https://cdnimg.melon.co.kr/cm/album/images/020/67/266/2067266_500.jpg/melon/resize/282/quality/80/optimize,0,13,None,460454130 513554562
3773396,가는 정 오는 정,남정희,성인가요/트로트,백영호 작곡집 (슬피 울었지),한산도,백영호,20120416,https://cdnimg.melon.co.kr/cm/album/images/021/12/641/2112641_500.jpg/melon/resize/282/quality/80/optimize,1,54,"아롱진 옷자락에 
서글픈 사연 안고 
내 마음은 울면서도 
겉으로는 웃으며 
사랑도 못했어요 
이름 없는 꽃이라서 
가는 정 오는 정에 
상처만 깊어간다 
가는 정 오는 정에 
상처만 더하는데 
사랑해선 안 될 사람 
내가 왜 몰랐던가 
그 누가 알아 주리 
내 마음을 알아 주리 
바람아 불지 마라 
슬픔만 쌓여간다",460454139
54300,그사람 바보야,정훈희,성인가요/트로트,정훈희 골든 힛트,정두수,이동기,199210,https://cdnimg.melon.co.kr/cm/album/images/000/04/777/4777_500.jpg/melon/resize/282/quality/80/optimize,2,105,"단 한번 윙크로 내 마음 줄까봐
살짝쿵 윙크한 그 사람 떠났네
다시 한번 윙크하면
웃어 줄텐데
다시 한번 윙크하면
사랑할텐데
아 나는 몰라
그 사람 바보야
그 사람 바보야요
아 나는 몰라
그 사람 바보야
그 사람 바보야요
단 한번 윙크로 내 마음 줄까봐
살짝쿵 윙크한 그 사람 떠났네

다시 한번 윙크하면
웃어 줄텐데
다시 한번 윙크하면
사랑할텐데
아 나는 몰라
그 사람 바보야
그 사람 바보야요
아 나는 몰라
그 사람 바보야
그 사람 바보야요
단 한번 윙크로 내 마음 줄까봐
살짝쿵 윙크한 그 사람 떠났네
살짝쿵 윙크한 그 사람 떠났네
살짝쿵 윙크한 그 사람 떠났네",472505092 424698259
1621391,그정 못잊어,나훈아,성인가요/트로트,나훈아,이호,이호,19840101,https://cdnimg.melon.co.kr/cm/album/images/003/49/746/349746_500.jpg/melon/resize/282/quality/80/optimize,0,57,"푸른 파도 갈매기도
정든 항구도 
날이 새면 떠나간다
그리운 임을 두고서 
못다한 사랑
아쉬움만 남기고 
떠나가지만 그 정 못잊어
그 정 못 잊어 
철새따라 다시 오련다
임도 가고 배도 떠난
정든 항구는 
내 마음을 아는 듯이
보슬비만 내리네 
못다한 사랑
사연속에 남기고 
나는 가지만 그 정 못 잊어
그 정 못 잊어 
사나이는 다시 또 왔다",460454139
3621631,난이야,이상열,성인가요/트로트,오리지날 힛송 총결산집,김강섭,김강섭,19910822,https://cdnimg.melon.co.kr/cm/album/images/020/38/914/2038914_500.jpg/melon/resize/282/quality/80/optimize,0,22,"난이야 난이야
사랑을 모두 주고
울며 떠나간 너 바보구나
때늦은 후회지만
너만은 사랑했는데
목메어 불러봐도
산울림 흩어져
대답이 없네
다시 한번 만나 주면은
영원히 사랑하리라
난이야 난이야
내마음 잊지 못해
울며 떠나간 너 바보구나
쓰라린 뉘우침에
뜨거운 눈물 짓는데
당신이 나를 두고
어느 님 품에서
대답이 없나
다시 한번 만나 주면은
영원히 사랑하리라",460454139
2749570,늦기전에,김추자,록/메탈,신중현 작품집 김추자 (늦기전에),신중현,신중현,19690701,https://cdnimg.melon.co.kr/cm/album/images/009/50/953/950953_500.jpg/melon/resize/282/quality/80/optimize,4,202,"늦기전에 늦기전에
빨리돌아와 주오
내마음 모두 그대 생각 넘칠때
내마음 모두 그대에게 드리리
그대가 늦어지면 내마음도
다시는 찾을수 없어요

늦기전에 늦기전에
빨리 돌아와주오
내마음 모두 그대 생각 넘칠때
내마음 모두 그대에게 드리리
그대가 늦어지면 내마음도
다시는 찾을 수 없어요
늦기전에 늦기전에

늦기전에 늦기전에
빨리 돌아와주오
내마음 모두 그대 생각 넘칠때
내마음 모두 그대에게 드리리
그대가 늦어지면 내마음도
다시는 찾을 수 없어요

늦기전에 늦기전에",426401087 456546450
1004591,당신은 철새,김부자,성인가요/트로트,히트 전집,고향,나국인,19920101,https://cdnimg.melon.co.kr/cm/album/images/003/10/320/310320_500.jpg/melon/resize/282/quality/80/optimize,0,36,"그리우면 왔다가 싫어지면 가버리는
당신의 이름은 무정한 철새
진정코 내가 싫어 그러시나요
이렇게 애타도록 그리움 주고
아~ 아~ 가버릴 줄 몰랐어요 당신은 철새

그리우면 왔다가 싫어지면 가버리는
당신의 이름은 무정한 철새
진정코 내가 싫어 그러신다면
차라리 잊으라고 말해주세요
아~ 아~ 그리움을 주고가는 당신은 철새",460454139
1768347,람디담디담,패티김,성인가요/트로트,앵콜 힛트송 1집,길옥윤,길옥윤,19860130,https://cdnimg.melon.co.kr/cm/album/images/003/61/172/361172_500.jpg/melon/resize/282/quality/80/optimize,0,26,,460454139
4057384,망향,배성,성인가요/트로트,망향 / 부두 아가씨,한운사,남국인,20130304,https://cdnimg.melon.co.kr/cm/album/images/021/78/101/2178101_500.jpg/melon/resize/282/quality/80/optimize,0,15,None,460454139
3592995,무정한여인,배성,성인가요/트로트,오리지날 힛송 총결산집,문영,김학송,20041001,https://cdnimg.melon.co.kr/cm/album/images/020/26/626/2026626_500.jpg/melon/resize/282/quality/80/optimize,1,19,None,460454139
452881,바보같은 사나이,나훈아,성인가요/트로트,나훈아 골든,박성규,박성규,20030423,https://cdnimg.melon.co.kr/cm/album/images/000/31/028/31028_500.jpg/melon/resize/282/quality/80/optimize,0,112,"사랑이 빗물되어
말없이 흘러내릴때
사나이는 울었다네
빗물도 울었다네
세월가면 잊어질까
세월아 말을 해다오
못잊어 못잊어서
가슴만 태우는
바보같은 사나이
사랑이 빗물되어
서럽게 흘러내릴때
사나이는 울었다네
빗물도 울었다네
세월가면 잊어질까
세월아 말을 해다오
그리워 그리워서
가슴만 태우는
바보같은 사나이",100098449 100098432
992953,범띠 아가씨,양미란,발라드 성인가요/트로트,가요 박물관,지명길,정민섭,20040202,https://cdnimg.melon.co.kr/cm/album/images/003/09/735/309735_500.jpg/melon/resize/282/quality/80/optimize,0,31,"가시내야 가시내야 범띠 가시내야
사내 마음 울려놓고 싶은 범띠 가시내
울고 가는 사내들도 한심하다만
돌아서면 그리워라 범띠 가시내
가시내야 가시내야 범띠 가시내야
멋쟁이로 살고 싶은 범띠 가시내
가시내야 가시내야 범띠 가시내야
사내 마음 울려놓고 싶은 범띠 가시내
변해 가는 세상이라 그건 알지만
속고 나면 외로워라
가시내야 가시내야 범띠 가시내야
사내마음 알고싶은 범띠 가시내",439176495 100122397
1125953,사랑이란 두글자,패티김,성인가요/트로트,패티김 베스트 1,길옥윤,길옥윤,-,https://cdnimg.melon.co.kr/cm/album/images/003/15/114/315114_500.jpg/melon/resize/282/quality/80/optimize,0,98,,408543604 439176495
1768335,사랑하는 당신이,패티김,성인가요/트로트,앵콜 힛트송 1집,길옥윤,길옥윤,19860130,https://cdnimg.melon.co.kr/cm/album/images/003/61/172/361172_500.jpg/melon/resize/282/quality/80/optimize,1,58,"사랑하는 당신이 울어버리면 난 몰라 난 몰라 
나도같이 덩달이 울어버릴까 난 몰라 난 몰라 
아니 아니 울지말고 달래줘야지 
쓰다듬고 안아줘야지 
끝없는 내 사랑 당신이니까 
 
사랑하는 당신이 화를 내시면 난 몰라 난몰라 
나도같이 덩달아 화를 낼까봐 난 몰라 난몰라 
아니아니 무릎꿇고 빌어야하지 
그러면은 용서하겠지 
정다운 내사랑 당신이니까 
 
사랑하는 당신이 먼저 죽으면 난 몰라 난 몰라 
나만혼자 남아서 살수 있을까 난 몰라 난 몰라 
아니아니 나도 같이 따라갈테야 
사랑하는 당신곁으로 
둘이는 나란히 잠이 들꺼야 
루루루 루루루 루루루 루루루 루루루",472064463 460454139
1125841,서산 갯마을,조미미,성인가요/트로트,조미미의 애창곡,김운하,김학송,-,https://cdnimg.melon.co.kr/cm/album/images/003/15/109/315109_500.jpg/melon/resize/282/quality/80/optimize,2,41,"굴을 따랴 전복을 따랴
서산 갯마을
처녀들 부푼 가슴
꿈도 많은데
요놈의 풍랑은
왜 이다지 사나운고
사공들의 눈물이
마를 날이 없구나

눈이 오나 비가 오나
서산 갯마을
조름만 바다 바람
한도 많은데
요놈의 풍랑은
왜 이다지 사나운고
아낙네들 오지랍이
마를 날이 없구나",439176495 460454139
4058660,소양강처녀,김태희,성인가요/트로트,소양강처녀 / 밤차로 떠난 사람,반야월,이호,20130304,https://cdnimg.melon.co.kr/cm/album/images/021/78/274/2178274_500.jpg/melon/resize/282/quality/80/optimize,0,76,"해 저문 소양강에 황혼이 지면
외로운 갈대 밭이
슬피 우는 두견새야
열 여덣 딸기 같은 어린 내 순정
너 마저 몰라 주면 나는 나는 어쩌나
아 그리워서 애만 태우는
소양강 처녀
동백꽃 피고 지는 계절이 오면
돌아와 주신다고 맹세하고 떠나셨죠
이렇게 기다리다 멍든 가슴에
떠나고 안오시면 나는 나는 어쩌나
아 그리워서 애만 태우는
소양강 처녀",439176495 481540833
3753313,슬퍼도 떠나주마,펄 시스터즈,성인가요/트로트,박춘석 작곡집 (슬퍼도 떠나주마),정두수,박춘석,20120328,https://cdnimg.melon.co.kr/cm/album/images/021/02/266/2102266_500.jpg/melon/resize/282/quality/80/optimize,0,12,None,
3621632,아마도 빗물이겠지,이상열,성인가요/트로트,오리지날 힛송 총결산집,정풍송,정풍송,19910822,https://cdnimg.melon.co.kr/cm/album/images/020/38/914/2038914_500.jpg/melon/resize/282/quality/80/optimize,1,132,"맺지 못할 사랑이기에
말없이 헤어졌고
돌아서는 두발 길에
이슬비는 내리네
사나이가 고까짓 것
사랑 때문에 울기는 왜 울어
두 눈에 맺혀있는 이 눈물은
아마도 빗물이겠지
맺지 못할 운명이기에
조용히 헤어졌고
쓰라린 내 가슴에
이슬비는 내리네
사나이가 고까짓 것
미련 때문에 울기는 왜 울어
빰 위에 흘러있는 이 눈물은
아마도 빗물이겠지",472064463 460454139
7931788,아씨,이미자,성인가요/트로트,이미자 골드 일대작 제1집,임희재,백영호,20151116,https://cdnimg.melon.co.kr/cm/album/images/026/50/843/2650843_500.jpg/melon/resize/282/quality/80/optimize,0,23,None,460454139
3595354,약속,Toi Et Moi,성인가요/트로트,그시절 그노래 제 40집,박인희,이필원,19990501,https://cdnimg.melon.co.kr/cm/album/images/020/28/027/2028027_500.jpg/melon/resize/282/quality/80/optimize,0,20,None,460454139
2749571,월남에서 돌아온 김상사,김추자,록/메탈,신중현 작품집 김추자 (늦기전에),신중현,신중현,19690701,https://cdnimg.melon.co.kr/cm/album/images/009/50/953/950953_500.jpg/melon/resize/282/quality/80/optimize,2,182,,438206014 508143532
3622569,이정표 없는 거리,김상진,성인가요/트로트,오리지날 힛송 총결산집,박대림,정민섭,19991101,https://cdnimg.melon.co.kr/cm/album/images/020/39/116/2039116_500.jpg/melon/resize/282/quality/80/optimize,1,31,"이리 가면 고향이오
저리 가면 타향인데
이정표 없는 거리
헤매 도는 삼거리 길
이리 갈까 저리 갈까
차라리 돌아 갈까
세 갈래 길 삼거리에 비가 내린다
바로 가면 경상도 길
돌아 가면 전라도 길
이정표 없는 거리
저리가면 충청도 길
와도 그만 가도 그만
반겨 줄 사람 없고
세 갈래 길 삼거리에 해가 저문다",460454139
1004596,일자상서,김부자,성인가요/트로트,히트 전집,반야월,박시춘,19920101,https://cdnimg.melon.co.kr/cm/album/images/003/10/320/310320_500.jpg/melon/resize/282/quality/80/optimize,0,91,"아버님전에
어머님전에
눈물로 일자상서
올리나이다
타향객지 직장살이
불효한 딸자식은
주야장천 근심걱정
떠날 날이 없으신
우리 부모 만수무강
비옵나이다

아버님전에
어머님전에
밤새운 마고자를
부치옵니다
회갑에도 못가 뵈온
죄많은 딸자식의
마음인들 편하리까
목이메는 이 사연
부모님의 용서만을
비옵나이다",460454139
1767676,좋았다 싫어지면,나훈아,성인가요/트로트,골든20 2집,정진성,정진성,19800930,https://cdnimg.melon.co.kr/cm/album/images/003/61/040/361040_500.jpg/melon/resize/282/quality/80/optimize,0,23,"사나이가 사랑때문에 울기는 왜 울어

좋았다 싫어지면 좋았다가 싫어지면

웃으며 헤어져야지 너무나 짧은 행복

미련을 못잊어서 눈물은 왜 흘려

사나이 사나이라면 웃으며 헤어져야지

-간 주 중 -

사나이가 미련때문에 울기는 왜 울어

좋았다 싫어지면 좋았다 싫어지면

말없이 헤어져야지 너무나 가슴아픈

추억을 못잊어서 울기는 왜 울어

사나이 사나이라면 말없이 돌아서야지",460454139
3152954,사랑의 상처,히식스,록/메탈,"사랑의 상처, 아름다운 인형",신유선,김홍탁,19720101,https://cdnimg.melon.co.kr/cm/album/images/011/80/777/1180777_500.jpg/melon/resize/282/quality/80/optimize,0,29,,456800258 454868689
2607877,축제의 노래,트윈 폴리오,포크/블루스,The Musician Series G,지명길,외국 곡,20060501,https://cdnimg.melon.co.kr/cm/album/images/008/26/952/826952_500.jpg/melon/resize/282/quality/80/optimize,0,32,"달무리 지는 창문을 열면 싱그런 바람



꽃내음 속에 춤추던 여인 아름다워라



황홀한 달빛 꿈에 잠기면 다시 또 보이네



축제의 밤



축제의 노래 함께 부르던 즐거운 날에



스치듯 만나 잊을 수 없던 그리운 여인



가버린 여인 눈에 어리면



다시 또 보이네



축제의 밤



언제나 다시오나 그리운 축제의 그 밤



금물결 달빛 속에 춤추던 그리운 여인



사모한 마음 서글픈 정은



가실 줄 모르네



그리워서



가버린 여인 눈에 어리면



다시 또 보이네



축제의 밤



언제나 다시오나 그리운 축제의 그 밤



금물결 달빛 속에 춤추던 그리운 여인



사모한 마음 서글픈 정은



가실 줄 모르네



그리워서",508143532 460454138
1124701,가지마오,나훈아,성인가요/트로트,나훈아 베스트 2,고향,남국인,-,https://cdnimg.melon.co.kr/cm/album/images/003/15/061/315061_500.jpg/melon/resize/282/quality/80/optimize,0,60,"사랑해 사랑해요 

당신을 당신만을 

이 생명 다바쳐서 

이한목숨 다바쳐서

내 진정 당신만을 사랑해

가지마오 가지마오

나를 두고 가지마오.

이대로 영원토록 한백년 살고파요

나를 두고 가지를 마오.",460454140
3622561,고향아줌마,김상진,성인가요/트로트,오리지날 힛송 총결산집,김진평,정민섭,19991101,https://cdnimg.melon.co.kr/cm/album/images/020/39/116/2039116_500.jpg/melon/resize/282/quality/80/optimize,1,143,"술잔을 들다 말고 우는 사람아
두고 온 님 생각에 눈물 뿌리며
망향가 불러 주는 고향 아줌마
동동주 술타령에
밤이 섧구나 밤이 섧구나
들어 찬 목로주점 나그네마다
넋두리 하소연에 푸념도 많아
내 고향 사투리에 고향 아줌마
나그네 인생 길에
불빛만 섧다 불빛만 섧다",472104685 460454140
1002283,고향의 강,남상규,성인가요/트로트,남상규 전집,손석우,원이부,19910101,https://cdnimg.melon.co.kr/cm/album/images/003/10/135/310135_500.jpg/melon/resize/282/quality/80/optimize,0,203,"눈 감으면 떠오르는 고향의 강

지금도 흘러가는 가슴 속 의 강

아 아 어느듯 세월의 강 도흘러

진 달 래 꽃이 피는 봄 날에

이 손을 잡던 그 사람

갈 대가 흐느끼는 가 을 밤에

울리고 떠나가더 니

눈 감으면 떠오르는 고향의 강



산을끼고 꾸불꾸불 고향의 강

달빛아래 출렁출렁 가슴속 의 강

아 아 어느듯 세월의 강 도흘러

진달래 꽃이 피면 다시 온다고

이손을 잡던 그 사람

갈대가 흐느끼는 가을이가도

그님이 소식이 없었네

눈감으면 떠오르는 고향의 강",412285882 472104685
64065,그 사람 이름은 잊었지만,박건,성인가요/트로트,박건 대표곡 모음,신명순,김화갑,1992,https://cdnimg.melon.co.kr/cm/album/images/000/06/047/6047_500.jpg/melon/resize/282/quality/80/optimize,0,180,"지금도 마로니에는 피고 있겠지
눈물속에 봄비가 흘러내리듯
임자잃은 술잔에 어리는 그 얼굴
아 청춘도 사랑도
다 마셔버렸네
그 길에 마로니에 잎이 지던 날

지금도 마로니에는 피고 있겠지

지금도 마로니에는 피고 있겠지
바람이 불고 낙엽이 지듯이
덧없이 사라진
다정한 그 목소리
아 청춘도 사랑도 다 마셔버렸네
그 길에 마로니에 잎이 지던 날

지금도 마로니에는 피고 있겠지",439176495 508143532
1632356,꽃동네 새동네,정훈희,성인가요/트로트,정훈희 20,윤혁민,최창권,19831010,https://cdnimg.melon.co.kr/cm/album/images/003/50/885/350885_500.jpg/melon/resize/282/quality/80/optimize,2,84,,439176495 408857714
65440,꽃반지 끼고,은희,성인가요/트로트,은희 골든디럭스 20,은희,외국곡,19780422,https://cdnimg.melon.co.kr/cm/album/images/000/07/985/7985_500.jpg/melon/resize/282/quality/80/optimize,4,786,"생각난다
그 오솔길
그대가 만들어준 꽃반지끼고
다정히 손잡고
거닐던 오솔길이
이제는
이제는
가 버린
가 버린
아름다운 추억

생각난다 그 바닷가
그대와 둘이서
쌓던 모래성
파도가 밀리던
그 바닷가도
이제는
이제는
가 버린
가 버린
아름다운 추억

정녕 떠나 버린 당신이지만
그래도 잊을 수 없어요
여기 당신이 준 꽃반지를 끼고
당신을 생각하며
오솔길 걷습니다
그대가 만들어준
이 꽃반지
외로운 밤이면
품에 안고서
그대를 그리네
옛일이 생각나
그대는
그대는
머나먼
머나먼
하늘에 저 별

저 별",408543604 457738153
4024094,님 떠나갈 시간,키보이스,성인가요/트로트,골드 (바닷가의 추억),김영광,김영광,19910801,https://cdnimg.melon.co.kr/cm/album/images/021/73/970/2173970_500.jpg/melon/resize/282/quality/80/optimize,0,34,None,454868689 472104685
47978,님은 먼 곳에,김추자,성인가요/트로트,김추자 베스트 20,유호,신중현,19871201,https://cdnimg.melon.co.kr/cm/album/images/000/03/739/3739_500.jpg/melon/resize/282/quality/80/optimize,10,2162,"사랑한다고 말할걸 그랬지
님이아니면 못산다 할 것을
사랑한다고 말 할걸 그랬지
망설이다가 가버린 사람
마음주고 눈물 주고 꿈도 주고
멀어져 갔네
님은 먼 곳에
영원히 먼곳에 망설이다가
님은 먼 곳에

사랑한다고 말할걸 그랬지
망설이다가 가버린 사람
마음주고 눈물주고 꿈도 주고
멀어져 갔네
님은 먼 곳에
영원히 먼곳에 망설이다가
님은 먼 곳에",408993036 413868198
2520607,라라라,윤형주,포크/블루스,윤형주 골든앨범 (김희갑 작편곡집),윤형주,윤형주,-,https://cdnimg.melon.co.kr/cm/album/images/007/51/456/751456_500.jpg/melon/resize/282/quality/80/optimize,0,149,,408543604 100136892
1573393,머나먼 고향,나훈아,성인가요/트로트,나훈아 힛트송 제2집 (머나먼 고향/해변의 여인),박정웅,박정웅,19800930,https://cdnimg.melon.co.kr/cm/album/images/003/45/129/345129_500.jpg/melon/resize/282/quality/80/optimize,0,196,"머나먼 남쪽 하늘 아래
그리운 고향
사랑하는 부모 형제
이 몸을 기다려
천리타향 낯선거리
헤매는 발길
한잔 술에 설움을
타서 마셔도
마음은 고향 하늘을
달려 갑니다

천리타향 낯선거리
헤매는 발길
한잔 술에 설움을
타서 마셔도
마음은 고향 하늘을
달려 갑니다",439176495 438206014
1125814,먼데서 오신 손님,조미미,발라드,조미미 전곡 BEST HIT,이호,이호,-,https://cdnimg.melon.co.kr/cm/album/images/003/15/108/315108_500.jpg/melon/resize/282/quality/80/optimize,1,60,,439176495 508143532
5554172,물새 한 마리,하춘화,성인가요/트로트,하춘화 골든힛트송,이용일,고봉산,20141223,https://cdnimg.melon.co.kr/cm/album/images/023/00/610/2300610_500.jpg/melon/resize/282/quality/80/optimize,0,41,None,460454140
1125813,바다가 육지라면,조미미,발라드,조미미 전곡 BEST HIT,정귀문,이인권,-,https://cdnimg.melon.co.kr/cm/album/images/003/15/108/315108_500.jpg/melon/resize/282/quality/80/optimize,0,37,"얼마나 멀고 먼지
그리운 서울은
파도가 길을 막아
가고파도 못갑니다
바다가 육지라면
바다가 육지라면
배 떠난 부두에서
울고 있지 않을 것을
아아 바다가 육지라면
눈물은 없었을 것을

어제온 연락선은
육지로 가는데
할 말이 하도 많아
목이 메어 못합니다
이몸이 철새라면
이몸이 철새라면
뱃길에 훨훨 날아
어데론지 가련만은
아아 바다가 육지라면
이별은 없었을 것을",439176495 460454140
4024086,바닷가의 추억,키보이스,성인가요/트로트,골드 (바닷가의 추억),박춘석,박춘석,19910801,https://cdnimg.melon.co.kr/cm/album/images/021/73/970/2173970_500.jpg/melon/resize/282/quality/80/optimize,1,309,"바닷가의 모래알처럼
수많은 사람 중에 만난 그 사람 
파도 위의 물거품처럼
왔다가 사라져간 못 잊을 그대여
저 하늘 끝까지 저 바다 끝까지
단 둘이 가자던 
파란 꿈은 사라지고
바람이 불면 행여나 그 님인가
살며시 돌아서면 
쓸쓸한 파도 소리
저 하늘 끝까지 저 바다 끝까지
단 둘이 가자던 
파란 꿈은 사라지고
바람이 불면 행여나 그 님인가
살며시 돌아서면 
쓸쓸한 파도 소리
쓸쓸한 파도 소리",439176495 426401087
3621186,사랑하다 싫어지면,김태희,성인가요/트로트,그시절 그노래 제 13집,이호,이호,19901201,https://cdnimg.melon.co.kr/cm/album/images/020/38/789/2038789_500.jpg/melon/resize/282/quality/80/optimize,1,15,"사랑하다 싫어지면 
떠나갈 사람
이렇게 고운정만 
내가슴에 남기고 
아 가시면 어쩌나
서로좋아 만났으면
사랑인가요
서로싫어 헤어지면
이별인가요
나는나는 싫어요
나는나는 싫어싫어
이별만은 싫어요
사랑하다 미워지면
떠나갈 사람
이렇게 미운정만
내가슴에 남기고
아 가시면 어쩌나
서로좋아 만났으면
사랑인가요
서로싫어 헤어지면 
이별인가요
나는나는 싫어요
나는나는 싫어싫어
이별만은 싫어요",460454140
468381,사랑해,라나에로스포,포크/블루스,미사리 포크 연가(戀歌)(오리지날 & 라이브 앨범),오경운,오경운,20030101,https://cdnimg.melon.co.kr/cm/album/images/000/31/837/31837_500.jpg/melon/resize/282/quality/80/optimize,2,145,"사랑해 당신을
정말로 사랑해
당신이 내곁을
떠나간 뒤에
얼마나 눈물을
흘렸는지 모른다오
예예예 예예예 예예예
예예예 예예예
예예예 예예예 예예예
예예예 예예예 예예예
예예예 예예예 예예예예
사랑해 당신을
정말로 사랑해

멀리 떠나버린
못잊을 님이여
당신이 내곁을
떠나간 뒤에
밤마다 그리는
보고 싶은 내 사랑아
예예예 예예예 예예예
예예예 예예예
예예예 예예예 예예예
예예예 예예예 예예예
예예예 예예예 예예예예
사랑해 당신을
정말로 사랑해
사랑해 당신을
정말로 사랑해",413868198 439176495
58001,세월이 약이겠지요,송대관,성인가요/트로트,송대관 슈퍼 골든,초원,신대성,1993,https://cdnimg.melon.co.kr/cm/album/images/000/04/207/4207_500.jpg/melon/resize/282/quality/80/optimize,0,71,"세월이 약이겠지요
당신의 슬픔을
괴롭다 하지말고
서럽다 울지를 마오
세월이 흐르면
사랑의 슬픔은
잊어버린다
이슬픔 모두가
세월이 약이겠지요
세월이 약이겠지요
세월이 약이랍니다
이몸의 슬픔을
괴롭다 하지않고
서럽다 울지 않으리
세월이 흐르면
사랑의 슬픔은
잊어버린다
이슬픔 모두가
세월이 약이겠지요
세월이 약이겠지요",439176495 438206014
3107048,아름다운 사람,서유석,포크/블루스,송창식 서유석 베스트,서유석,서유석,1988,https://cdnimg.melon.co.kr/cm/album/images/003/09/725/309725_500.jpg/melon/resize/282/quality/80/optimize,3,1111,,439176495 101613578
1589369,울고싶어,배호,성인가요/트로트,배호의 마지막노래,황규영,배상태,19710101,https://cdnimg.melon.co.kr/cm/album/images/003/46/918/346918_500.jpg/melon/resize/282/quality/80/optimize,0,37,"왜그런지 나도몰라
울고만 싶은 마음
너무나도 그사랑에
상처가 깊었는지
몸부림쳐 울고싶네
소리치며 울고싶네
아무리 흐느끼며 울어도
애원해도 이마음
누가 아랴
어쩐지 울고만 싶네

왜그런지 나도몰라
울고만 싶은 마음
그누가 그사람을
앗아가 버렸는지
못 견디게 아픈마음
소리치며 울고싶네
내리는 비소리는 슬픔에
눈물인가 이마음
누가 아랴
어쩐지 울고만 싶네",460454140
992901,정든 배는 떠난다,키보이스,성인가요/트로트,가요 박물관,김양히,김영광,20040202,https://cdnimg.melon.co.kr/cm/album/images/003/09/735/309735_500.jpg/melon/resize/282/quality/80/optimize,0,50,"<div class=""lyric"" id=""d_video_summary""><!-- height:auto; 로 변경시, 확장됨 -->

달 그림자에 어리면서 
정든배는 떠나간다
보내는 내 마음이 야속 하더라 
별 그림자에 멀어져 가는
쌍고동 울리면서 떠나가네

멀어져 가네 사라져 가네
정든 배는 떠나간다
떠나는 그 님이 야속 하더라
첫사랑도 그 행복도 
항구에 남겨 놓고 사라져 가네",439176495 454868689
1661567,참사랑,김상희,성인가요/트로트,"당신을 알고부터, 참사랑",고향,남국인,19840220,https://cdnimg.melon.co.kr/cm/album/images/003/53/370/353370_500.jpg/melon/resize/282/quality/80/optimize,0,29,,460454140
1621394,찻집의 고독,나훈아,성인가요/트로트,나훈아,박정웅,박정웅,19840101,https://cdnimg.melon.co.kr/cm/album/images/003/49/746/349746_500.jpg/melon/resize/282/quality/80/optimize,3,820,"그 다방에 들어설 때에
내 가슴은 뛰고 있었지
기다리는 그 순간만은
꿈길처럼 감미로왔다
약속시간 흘러 갔어도
그 사람은 보이지 않고
싸늘하게 식은 찻잔에
슬픔처럼 어리는 고독
아 사랑이란 이렇게도
애가 타도록 괴로운 것이라서
잊으려 해도 잊을 수 없어
가슴 조이며 기다려봐요

아 사랑이란 이렇게도
애가 타도록 괴로운 것이라서
잊으려 해도 잊을 수 없어
가슴 조이며 기다려봐요",425850345 408543604
86847,창밖에는 비 오고요,송창식,포크/블루스,송창식 16 (창밖에는 비 오고요),이장희,송창식,19830225,https://cdnimg.melon.co.kr/cm/album/images/000/04/127/4127_500.jpg/melon/resize/282/quality/80/optimize,1,315,"창밖에는 비 오고요
바람 불고요
그대의 귀여운 얼굴이
날 보고 있네요
창밖에는 낙엽지고요
바람 불고요
그대의 핼쓱한 얼굴이
날 보고 있네요

창밖에는 눈 오고요
바람 불고요
그대의 창백한 얼굴이
날 보고 있네요

아직도 창 밖에는 바람 불고요
비 오고요",457958714 100139015
3620958,춤추는 첫사랑,이현,성인가요/트로트,그시절 그노래 제 16집,지명길,외국곡,19901201,https://cdnimg.melon.co.kr/cm/album/images/020/38/693/2038693_500.jpg/melon/resize/282/quality/80/optimize,1,25,"내 가슴을 울게 하던
내 사랑이여 그대 멀리 떠난다고
말하지 마오 아득하게 철모르던
첫사랑인데 다시 만날 이 순간
잊을 수 없어 아 댄스 댄스 댄스
To my time Good time
서로 손을 마주 잡고서
오색 무지개 빛 꿈을 안고서
Do you wanna 댄스 댄스 댄스
To my time Good time
마음 주고 떠나갔던
내 사랑이여 울먹이며 기다리던
날 잊지마오 멀리멀리 들려오는
사랑의 노래 다시 만날 이 순간
함께 불러요
아 댄스 댄스 댄스
To my time Good time
서로 손을 마주 잡고서
오색 무지개빛 꿈을 안고서
Do you wanna 댄스 댄스 댄스
To my time Good time
Do you wanna 댄스 댄스 댄스
To my time Good time
Do you wanna 댄스 댄스 댄스
To my time Good time",460454140 409633099
2531469,파초의 꿈,문정선,성인가요/트로트,70 & 80 Best Songs 3,윤혁민,김강섭,20070515,https://cdnimg.melon.co.kr/cm/album/images/007/60/352/760352_500.jpg/melon/resize/282/quality/80/optimize,0,96,"낙엽이 나부끼던 어느 날인가
눈보라 밤새일던 어느 날인가
세월의 뒤안길을 서성이면서
하많은 외로움에 울던 그사람
언젠가 땅을 딛고 일어 서겠지
태양의 언덕 위에 꿈을 심으면
파초의 푸른 꿈은 이뤄지겠지

세월의 뒤안길을 서성이면서
하많은 외로움에 울던 그 사람
언젠가 땅을 딛고 일어 서겠지
태양의 언덕 위에 꿈을 심으면
파초의 푸른 꿈은 이뤄지겠지",408543604 408857714
54313,고독,이필원,포크/블루스,이필원 골든히트,이필원,이필원,19821230,https://cdnimg.melon.co.kr/cm/album/images/000/06/711/6711_500.jpg/melon/resize/282/quality/80/optimize,0,37,,472537695 460454141
4027654,고향이 좋아,김상진,성인가요/트로트,남국인 작곡집 (고향이 좋아),남국인,남국인,20130201,https://cdnimg.melon.co.kr/cm/album/images/021/74/447/2174447_500.jpg/melon/resize/282/quality/80/optimize,0,292,"타향도 정이 들면 
정이 들면 고향이라고 
그 누가 말했던가 
말을 했던가 
바보처럼 바보처럼 
아니야 아니야 
그것은 거짓말 
향수를 달래려고 
술이 취해 하는 말이야 
아아아아 타향은 싫어 
고향이 좋아 
타향도 정을 두면 
정을 두면 고향이라고 
그 누가 말했던가 
말을 했던가 
바보처럼 바보처럼 
아니야 아니야 
그것은 거짓말 
님 생각 고향생각 
달래려고 하든 말이야 
아아아아 타향은 싫어 
고향이 좋아",470425903 412285882
2425253,그 얼굴에 햇살을,이용복,성인가요/트로트,골든 베스트 콜렉션,신명순,김강섭,19950101,https://cdnimg.melon.co.kr/cm/album/images/007/41/852/741852_500.jpg/melon/resize/282/quality/80/optimize,4,661,,434720337 436050976
1767914,그애와 나랑은,이장희,포크/블루스,이장희,이장희,이장희,19810610,https://cdnimg.melon.co.kr/cm/album/images/003/61/101/361101_500.jpg/melon/resize/282/quality/80/optimize,0,173,"그애와 나랑은 비밀이 있었네
그애와 나랑은 남몰래 만났네
그애와 나랑은 서로가 좋았네
그애와 나랑은 사랑을 했다네
하지만 지금은 그애는 없다네

그애를 만나면 한없이 즐거웠네
그애가 웃으면 덩달아 웃었네
그애가 슬프면 둘이서 울었네
그애와 나랑은 사랑을 했다네
하지만 지금은 그애는 없다네

그애의 이름은 말할 수 없다네",508143532 472193555
4024004,길잃은 사슴,김세환,포크/블루스,"김세환 노래모음 (옛친구, 소꼽장난)",최호영,김희갑,19781101,https://cdnimg.melon.co.kr/cm/album/images/021/73/962/2173962_500.jpg/melon/resize/282/quality/80/optimize,0,74,,457958710 472193555
1632355,꽃길,정훈희,성인가요/트로트,정훈희 20,정주희,정주희,19831010,https://cdnimg.melon.co.kr/cm/album/images/003/50/885/350885_500.jpg/melon/resize/282/quality/80/optimize,2,69,,100098745 439176495
51313,내나라 내겨레,송창식,포크/블루스,송창식 골든 제2집,김민기,송창식,19910301,https://cdnimg.melon.co.kr/cm/album/images/000/04/131/4131_500.jpg/melon/resize/282/quality/80/optimize,6,347,"보라 동해에 떠오르는 태양
누구의 머리 위에 이글거리나
피맺힌 투쟁의 걸음 속에
고귀한 순결함을 얻은 우리 위에
보라 동해에 떠오르는 태양
누구의 앞길에서 훤히 비치나
찬란한 선조의 문화 속에
고요히 기다려온 우리 민족 앞에
숨소리 점점 커져
맥박이 힘차게 뛴다
이 땅에 순결하게
얽힌 겨레여
보라 동해에 떠오르는 태양
우리가 간직함이 옳지 않겠나
숨소리 점점 커져
맥박이 힘차게 뛴다
이 땅에 순결하게
얽힌 겨레여
보라 동해에 떠오르는 태양
우리가 간직함이 옳지 않겠나
우리가 간직함이
옳지 않겠나",428852432 440253626
1124711,녹슬은 기찻길,나훈아,성인가요/트로트,나훈아 베스트 2,김관현,홍현걸,-,https://cdnimg.melon.co.kr/cm/album/images/003/15/061/315061_500.jpg/melon/resize/282/quality/80/optimize,0,103,"휴전선 달빛아래
녹슬은 기찻길
어이해서 피빛인가
말 좀 하렴아
전해다오 전해다오
고향잃은 서러움을
녹슬은 기찻길아
어버이 정 그리워
우는 이 마음

대동강 한강물은
서해에서 만나
남과 북의 이야기를
주고 받는데
전해다오 전해다오
고향잃은 서러움을
녹슬은 기찻길아
너처럼 내 마음도
울고 있단다",438206014 508143532
1125839,단골손님,조미미,성인가요/트로트,조미미의 애창곡,이인권,이인권,-,https://cdnimg.melon.co.kr/cm/album/images/003/15/109/315109_500.jpg/melon/resize/282/quality/80/optimize,0,22,,460454141
1004592,달타령,김부자,성인가요/트로트,히트 전집,신선지,오영원,19920101,https://cdnimg.melon.co.kr/cm/album/images/003/10/320/310320_500.jpg/melon/resize/282/quality/80/optimize,0,58,"달아 달아 밝은 달아
이태백이 놀던 달아
정월에 뜨는 저 달은
새 희망을 주는 달
이월에 뜨는 저 달은
동동주를 먹는 달
삼월에 뜨는 달은
처녀가슴을 태우는 달
사월에 뜨는 달은
석가모니 탄생한 날

달아 달아 밝은 달아
이태백이 놀던 달아
오월에 뜨는 저 달은
단오 그네 뛰는 달
유월에 뜨는 저 달은
유두밀떡 먹는 달
칠월에 뜨는 달은
견우직녀가 만나는 달
팔월에 뜨는 달은
강강술래 뛰는 달

달아 달아 밝은 달아
이태백이 놀던 달아
구월에 뜨는 저 달은
풍년가를 부르는 달
시월에 뜨는 저 달은
문풍지를 바르는 달
십일월에 뜨는 달은
동지죽을 먹는 달
십이월에 뜨는 달은
님 그리워 뜨는 달",439176495 455380102
3599588,달맞이 꽃,이용복,포크/블루스,2011 베스트앨범,지웅,김희갑,20111015,https://cdnimg.melon.co.kr/cm/album/images/020/30/111/2030111_500.jpg/melon/resize/282/quality/80/optimize,0,280,"얼마나 기다리다 꽃이 됐나 
달 밝은 밤이 오면 홀로 피어 
쓸쓸히 쓸쓸히 미소를 띄는 
그 이름 달맞이 꽃 
아아 서산에 달님도 기울어 
새파란 달빛 아래 고개 숙인 
네 모습 애처롭구나 
얼마나 그리우면 꽃이 됐나 
찬 새벽 올때까지 홀로 피어 
쓸쓸히 쓸쓸히 시들어 가는 
그 이름 달맞이 꽃 
아아 서산에 달님도 기울어 
새파란 달빛 아래 고개 숙인 
네 모습 애처롭구나",472544088 472193555
111317,달무리,영 사운드,발라드,히트가요 컬렉션 Vol.7,김주명,안치행,199401,https://cdnimg.melon.co.kr/cm/album/images/000/08/834/8834_500.jpg/melon/resize/282/quality/80/optimize,0,98,"적막한 밤하늘에 빛나던 달이
둥그런 달무리로 우산을 쓰니
달위에 피고지던 달맞이 꽃도
서러워 밤이슬에 꽃잎 젖는다
달무리야 달무리야 어서지고
외로운 달맞이꽃 반기려므나

달위에 웃고 울던 달맞이꽃도
서러운 달모습에 고개 숙인다
달무리야 달무리야 어서지고
외로운 달맞이꽃 반기려므나
반기려므나 반기려므나",408543604 100154151
1003617,두개의 작은 별,윤형주,포크/블루스,섬 청년 마음/어느 사랑의 이야기,윤형주,외국 곡,19800910,https://cdnimg.melon.co.kr/cm/album/images/003/10/247/310247_500.jpg/melon/resize/282/quality/80/optimize,1,111,"저 별은 나의 별
저 별은 너의 별
별 빛에 물 들은
밤 같이 까만 눈동자
저 별은 나의 별
저 별은 너의 별
아침 이슬 내릴 때까지
별이 지면 꿈도 지고
슬픔만 남아요
창 가에 지는
별 들의 미소
잊을 수가 없어요
저 별은 나의 별
저 별은 너의 별
별 빛에 물 들은
밤 같이 까만 눈동자
저 별은 나의 별
저 별은 너의 별
아침 이슬 내릴 때까지
라라라랄랄라 라라라랄랄라
라라라랄 라라 랄라라
지난 겨울 눈 내리던
창 가에 앉아서
단 둘이 나눈
영원한 약속
잊을 수가 없어요
저 별은 나의 별
저 별은 너의 별
별 빛에 물 들은
밤 같이 까만 눈동자
저 별은 나의 별
저 별은 너의 별
아침 이슬 내릴 때까지
라라라랄랄라 라라라랄랄라
라라라랄랄라 라라라 라랄라랄라
라라라랄랄라 라라라랄랄라
라라라랄라라 랄랄라",422381081 439176495
194116,등불,영 사운드,성인가요/트로트,열린 음악 2,강동길,안치행,1996,https://cdnimg.melon.co.kr/cm/album/images/000/08/090/8090_500.jpg/melon/resize/282/quality/80/optimize,1,180,"그대 슬픈 밤에는
등불을 켜요
고요히 타오르는
장미의 눈물
하얀 외로움에
그대 불을 밝히고
회상의 먼바다에
그대 배를 띄워요
창가에 홀로앉아
등불을 켜면
살며시 피어나는
무지개 추억

황홀한 그리움에
그대 불을 밝히고
회상의 종소리를
그대 들어보아요
창가에 홀로앉아
등불을 켜면
조용히 들려오는
님의 목소리
님의 목소리
님의 목소리",408543604 439176495
49337,딩동댕 지난 여름,송창식,포크/블루스,송창식 16 (창밖에는 비 오고요),임진수,송창식,19830225,https://cdnimg.melon.co.kr/cm/album/images/000/04/127/4127_500.jpg/melon/resize/282/quality/80/optimize,0,69,"딩동댕 지난여름
바닷가서 만났던 여인
딩동댕 하고픈
이야기는 많았지만
딩동댕 너무나
짧았던 그대와의 밤
딩동댕 딩동댕
말이나 해볼걸
또 만나자고
딩동댕 딩동댕
여름은 가버렸네
속절도 없이
딩동댕 지난여름
우연히 잡았던 손목
딩동댕 하고픈
이야기는 많았지만
딩동댕 너무나
짧았던 그대와의 밤
딩동댕 딩동댕
말이나 해볼걸
또 만나자고
딩동댕 딩동댕
여름은 가버렸네
속절도 없이
딩동댕 딩동댕
말이나 해볼걸
또 만나자고
딩동댕 딩동댕
여름은 가버렸네
속절도 없이",460454141
48204,모닥불,박인희,포크/블루스,박인희 힛트곡 전집,박건호,박인희,19880830,https://cdnimg.melon.co.kr/cm/album/images/000/03/868/3868_500.jpg/melon/resize/282/quality/80/optimize,0,368,"모닥불 피워놓고 마주 앉아서
우리들의 이야기는
끝이 없어라
인생은 연기속에 재를 남기고
말없이 사라지는
모닥불 같은것
타다가 꺼지는 그 순간까지
우리들의 이야기는
끝이 없어라

타다가 꺼지는 그 순간까지
우리들의 이야기는
끝이 없어라",408543604 439176495
3622214,모정의 세월,나훈아,성인가요/트로트,나훈아의 20년,신봉승,박정웅,19890701,https://cdnimg.melon.co.kr/cm/album/images/020/39/047/2039047_500.jpg/melon/resize/282/quality/80/optimize,1,634,"동지섣달 긴긴밤이 짧기만 한 것은
근심으로 지새우는 어머님 마음
흰머리 잔주름은 늘어만 가시는데
한없이 이어지는 모정의 세월
아 가지 많은 나무에 바람이 일듯
어머님 가슴에는 물결만 높네
길고 긴 여름날이 짧기만 한 것은
언제나 분주한 어머님 마음
정성으로 기른 자식 모두들 가버려도
근심으로 얼룩지는 모정의 세월
아 가지 많은 나무에 바람이 일듯
어머니 가슴에는 물결만 높네",439176495 470425903
1124649,물레방아도는데,나훈아,성인가요/트로트,나훈아 베스트 1,정두수,박춘석,-,https://cdnimg.melon.co.kr/cm/album/images/003/15/059/315059_500.jpg/melon/resize/282/quality/80/optimize,0,207,"돌담길 돌아서며 또 한번 보고
징검다리 건너갈 때
뒤돌아 보며
서울로 떠나간 사람
천리타향 멀리 가더니
새봄이 오기 전에 잊어버렸나
고향의 물레방아
오늘도 돌아가는데

두 손을 마주잡고 아쉬워하며
골목길을 돌아설 때
손을 흔들며
서울로 떠나간 사람
천리타향 멀리 가더니
가을이 다가도록 소식도 없네
고향의 물레방아
오늘도 돌아가는데",438206014 508143532
1550175,사랑은 장난이 아니랍니다,조미미,성인가요/트로트,히트전집,나훈아,나훈아,19930201,https://cdnimg.melon.co.kr/cm/album/images/003/41/786/341786_500.jpg/melon/resize/282/quality/80/optimize,0,18,"마음대로 사랑하고
마음대로 떠나버린
당신이지만 당신이지만
잊을 수 없네
사랑한다 할땐 언제고
싫다는 말은 무슨 말이요
아 떠난 사람아
사랑은 장난이 아니랍니다

마음대로 왔다가
마음대로 가는것이
사랑인가요 사랑인가요
너무합니다
사랑한다 할땐 언제고
싫다는 말은 무슨말이요
아 미운 사람아
사랑은 장난이 아니랍니다",460454141
3486208,산까치야,최안순,성인가요/트로트,그시절 그노래 4집,정주희,정주희,20110712,https://cdnimg.melon.co.kr/cm/album/images/013/38/255/1338255_500.jpg/melon/resize/282/quality/80/optimize,0,36,"산까치야 산까치야
어데로 날라가니
네가 울면 우리 님
오신다는데
너마저 울다 저 산너머 
날라가며는
우리 님은 언제오나
너라도 내곁에 있어다오
산까치야 산까치야
어데서 날라오니
네가 오면 우리 님도
오신다는데
너마저 울다 저 산넘어 
날라가며는
이 마음은 어이하나
너라도 내곁에 있어다오
너라도 내곁에 있어다오",439176495 460454141
608075,새색시 시집가네,이연실,포크/블루스,고운노래모음,이연실,이연실,1989,https://cdnimg.melon.co.kr/cm/album/images/000/40/094/40094_500.jpg/melon/resize/282/quality/80/optimize,1,101,"수양버들 춤추는 길에
꽃가마 타고가네
아홉살 새색시가
시집을 간다네
가네 가네 갑순이
갑순이 울면서 가네
소꼽동무 새색시가
사랑일 줄이야

가네 가네 갑순이
갑순이 울면서 가네
소꼽동무 새색시가
사랑일 줄이야
뒷동산 밭이랑이
꼴베는 갑돌이
그리운 소꼽동무
갑돌이 뿐이건만
우네 우네 갑순이
갑순이 가면서 우네
아홉살 새색시가
시집을 간다네",439176495 508143532
47173,세노야 세노야,양희은,포크/블루스,양희은 골든 15,고은,김광희,198706,https://cdnimg.melon.co.kr/cm/album/images/000/04/291/4291_500.jpg/melon/resize/282/quality/80/optimize,0,93,"세노야 세노야
산과 바다에 우리가 살고
산과 바다에 우리가 가네

세노야 세노야
기쁜 일이면 저 산에 주고
슬픈 일이면 님에게 주네
세노야 세노야
기쁜 일이면 바다에 주고
슬픈 일이면 내가 받네
세노야 세노야
산과 바다에 우리가 살고
산과 바다에 우리가 가네",405622149 439176495
622473,아침 이슬,김민기,포크/블루스,Past Life Of Kim MinGi,김민기,김민기,20041019,https://cdnimg.melon.co.kr/cm/album/images/000/43/368/43368_500.jpg/melon/resize/282/quality/80/optimize,5,819,"긴 밤 지새우고
풀잎마다 맺힌
진주보다 더 고운
아침 이슬처럼
내 맘에 설움이
알알이 맺힐때
아침 동산에 올라
작은 미소를 배운다
태양은 묘지 위에
붉게 떠오르고
한낮에 찌는 더위는
나의 시련일지라
나 이제 가노라
저 거친 광야에
서러움 모두 버리고
나 이제 가노라
내 맘에 설움이
알알이 맺힐때
아침 동산에 올라
작은 미소를 배운다
태양은 묘지 위에
붉게 떠오르고
한낮에 찌는 더위는
나의 시련일지라
나 이제 가노라
저 거친 광야에
서러움 모두 버리고
나 이제 가노라",439176590 487954346
3618896,언덕에 올라,투코리안스,성인가요/트로트,매혹의 하모니 베스트 14,김도향,외국곡,19920101,https://cdnimg.melon.co.kr/cm/album/images/020/37/911/2037911_500.jpg/melon/resize/282/quality/80/optimize,0,23,"바람부는 날엔 언덕에 올라
넓은 들을 바라보며
그 여인의 마지막그 말 한마디
생각하며 웃음짓네
비오는 날이면 우산을 들고
빗방울을 바라보며
그 여인의 마지막 그 말 한마디
생각하며 웃음짓네
눈오는 날이면 펄펄내리는
함박눈을 맞으며
그 여인의 마지막 그 말 한마디
생각하며 웃음짓네",439176495 412285882
1713585,여고시절,이수미,성인가요/트로트,"한국의 명곡 특선 시리즈, 6인의 걸작선",주영자,김영광,19850101,https://cdnimg.melon.co.kr/cm/album/images/003/56/706/356706_500.jpg/melon/resize/282/quality/80/optimize,0,33,"어느 날 여고시절
우연히 만난 사람
변치말자 약속했던
우정의 친구였네
수많은 세월이
말없이 흘러
아 아

지나간 여고시절
조용히 생각하니
그것이 나에게는
첫사랑 이였어요

수많은 세월이
말없이 흘러
아 아

지나간 여고시절
조용히 생각하니
그것이 나에게는
첫사랑 이였어요",408543604 439176495
91031,영암 아리랑,하춘화,성인가요/트로트,하춘화 힛트곡 전집,백암,고봉산,19870830,https://cdnimg.melon.co.kr/cm/album/images/000/05/029/5029_500.jpg/melon/resize/282/quality/80/optimize,1,210,"달이 뜬다 달이 뜬다
영암 고을에 둥근 달이 뜬다

달이 뜬다 달이 뜬다
둥근 둥근 달이 뜬다
월출산 천왕봉에
보름달이 뜬다
아리랑 동동 쓰리랑 동동
에헤야 데헤야 어사와 데야
달 보는 아리랑 님 보는 아리랑

풍년이 온다 풍년이 온다
지화자자 좋구나
서호강 몽햇들에 풍년이 온다
아리랑 동동 쓰리랑 동동
에헤야 데헤야 어사와 데야
달 보는 아리랑 님 보는 아리랑

흥타령 부네 흥타령 부네
목화짐 지고 흥겹게 부네
용칠 도령 목화 짐은
장가 밑천이라네
아리랑 동동 쓰리랑 동동
에헤야 데헤야 어사와 데야
달 보는 아리랑 님 보는 아리랑",422156879 439176495
3486209,영원한 세실리아,최동길,성인가요/트로트,그시절 그노래 4집,허기춘,김영광,20110712,https://cdnimg.melon.co.kr/cm/album/images/013/38/255/1338255_500.jpg/melon/resize/282/quality/80/optimize,0,17,"세실리아 세실리아
영원한 세실리아
당신은 언제나 내 맘의
내 맘의 벗이라오
당신은 떠났어도
혼자 울진 않아요
아 아 아 아 아 아 이 세상
끝났어도 오 오 오
세실리아 세실리아
영원한 세실리아
당신은 언제나 내 맘의
내 맘의 벗이라오
당신은 떠났어도
혼자 울진 않아요
아 아 아 아 아 아 이 세상
끝났어도 오 오 오
세실리아 세실리아
영원한 세실리아
당신은 언제나 내 맘의
내 맘의 벗이라오",460454141
2467956,옛생각,조영남,성인가요/트로트,골든 베스트 콜렉션,강삼숙,정풍송,19950101,https://cdnimg.melon.co.kr/cm/album/images/007/43/065/743065_500.jpg/melon/resize/282/quality/80/optimize,0,68,"뒷동산 아지랑이 할미꽃 피면
꽃 댕기 매고 놀던 옛 친구 생각난다
그 시절 그리워 동산에 올라보면
놀던 바위 외롭고
흰구름만 흘러간다
모두 다 어디 갔나 모두 다 어디 갔나
나 혼자 여기 서서 지난 날을 그리네
그 시절 그리워 동산에 올라보면
놀던 바위 외롭고
흰구름만 흘러간다
모두 다 어디 갔나 모두 다 어디 갔나
나 혼자 여기 서서 지난 날을 그리네",439176495 460454141
3621690,오라 오라 오라,문정선,성인가요/트로트,오리지날 힛송 총결산집,하중희,김강섭,19910823,https://cdnimg.melon.co.kr/cm/album/images/020/38/919/2038919_500.jpg/melon/resize/282/quality/80/optimize,0,12,"오라오라오라오라 내 친구들아
오라오라오라오라 내 사랑아
오라오라오라오라 즐거운 노래
오라오라오라오라 내 사랑아
푸른 잔디에 밝은 태양과
시원한 바람
바람도 친구 태양도 친구
사랑의 동산 즐거워라 무지개처럼
아름다운 꿈 노래 부르며
모두 쌍쌍이 달콤한 사랑을
즐겁게 노래 부르네
오라오라오라오라 내 친구들아
오라오라오라오라 내 사랑아
오라오라오라오라 즐거운 노래
오라오라오라오라 내 사랑아
푸른 잔디에 밝은 태양과
시원한 바람
바람도 친구 태양도 친구
사랑의 동산 즐거워라 무지개처럼
아름다운 꿈 노래 부르며
모두 쌍쌍이 달콤한 사랑을
즐겁게 노래 부르네
오라오라오라오라 내 친구들아
오라오라오라오라 내 사랑아
오라오라오라오라 즐거운 노래
오라오라오라오라 내 사랑아",460454141
47168,이루어질 수 없는 사랑,양희은,포크/블루스,양희은 골든 15,김정신,김정신,198706,https://cdnimg.melon.co.kr/cm/album/images/000/04/291/4291_500.jpg/melon/resize/282/quality/80/optimize,4,1942,"너의 침묵에 메마른 나의 입술
차가운 네 눈길에 얼어붙은 내 발자욱
돌아서는 나에게 사랑한단 말 대신에
안녕 안녕 목메인 그 한마디
이루어질 수 없는 사랑이었기에
밤새워 하얀 길을 나홀로 걸었었다
부드러운 네 모습은 지금은 어디에
가랑비야 내 얼굴을 더 세게 때려다오
슬픈 내 눈물이 감춰질 수 있도록
이루어질 수 없는 사랑이었기에
미워하며 돌아선 너를 기다리며
쌓다가 부수고 또 쌓은 너의 성
부서지는 파도가 삼켜버린 그 한마디
정말 정말 너를 사랑했었다고
이루어질 수 없는 사랑이었기에",423007172 413868198
1124963,임과 함께,남진,성인가요/트로트,남진 베스트 1,남국인,남국인,-,https://cdnimg.melon.co.kr/cm/album/images/003/15/074/315074_500.jpg/melon/resize/282/quality/80/optimize,0,87,,439176495 480935329
1569466,진정 난 몰랐네,임희숙,성인가요/트로트,골든 힛트곡 모음,김중순,김희갑,19840325,https://cdnimg.melon.co.kr/cm/album/images/003/44/626/344626_500.jpg/melon/resize/282/quality/80/optimize,0,415,"그토록 사랑하던 그 사람
잃어버리고
타오르는 내마음만
흐느껴 우네
그토록 믿어왔던 그 사람
돌아설 줄이야
예전에는 몰랐었네
진정 난 몰랐네
누구인가 불어주는 휘파람소리
행여나 찾아줄까
그 님이 아니올까
기다리는 마음 허무해라
그토록 믿어왔던 그 사람
돌아설 줄이야
예전에는 몰랐었네
진정 난 몰랐네

누구인가 불어주는 휘파람소리
행여나 찾아줄까
그 님이 아니올까
기다리는 마음 허무해라
그토록 믿어왔던 그 사람
돌아설 줄이야
예전에는 몰랐었네
진정 난 몰랐네",424813774 439176495
1931245,최진사댁 셋째 딸,조영남,발라드,조영남 골든,전우중,전우중,19750101,https://cdnimg.melon.co.kr/cm/album/images/003/98/206/398206_500.jpg/melon/resize/282/quality/80/optimize,0,81,,439176495 480935329
1124693,해변의 여인,나훈아,성인가요/트로트,나훈아 베스트 2,박성규,박성규,-,https://cdnimg.melon.co.kr/cm/album/images/003/15/061/315061_500.jpg/melon/resize/282/quality/80/optimize,0,143,"물위에 떠있는
황혼에 종이배
말없이 거니는
해변의 여인아
바람에 휘날리는
머리카락 사이로
황혼빛에 물들은
여인의 눈동자
조용히 들려오는
조개들의 옛이야기
말없이 바라보는
해변의 여인아

바람에 휘날리는
머리카락 사이로
황혼빛에 물들은
여인의 눈동자
조용히 들려오는
조개들의 옛이야기
말없이 바라보는
해변의 여인아",439176495 438206014
4196824,희야,박일남,성인가요/트로트,언제 오시나요 / 그리운 소식,박일남,장세용,20130805,https://cdnimg.melon.co.kr/cm/album/images/021/95/802/2195802_500.jpg/melon/resize/282/quality/80/optimize,0,16,None,460454141
51777,고별,홍민,발라드,홍민 골든,무,외국 곡,198911,https://cdnimg.melon.co.kr/cm/album/images/000/07/272/7272_500.jpg/melon/resize/282/quality/80/optimize,0,153,"눈물을 닦아요 그리고 날봐요
우는 맘 아프지만 내마음도 아프다오
고개를 들어요 한숨을 거두어요 
어차피 우리는 이제 헤어져야 할것을 

사랑은 그런것 후회는 말아요
기쁘게 만나 슬프게 헤어져 
그런줄 알면서 우리 사랑 한것을
운다고 사랑이 다시 찾아줄까요

사랑은 그런것 후회는 말아요
기쁘게 만나 슬프게 헤어져 
그런줄 알면서 우리 사랑 한것을
운다고 사랑이 다시 찾아줄까요

그런줄 알면서 우리 사랑 한것을 
운다고 사랑이 다시 찾아줄까요 -",439176495 408857714
5698743,고향 못 잊어,이태리,성인가요/트로트,남국인 작곡집 - 지난 어느 날,권혁식,남국인,20150515,https://cdnimg.melon.co.kr/cm/album/images/023/18/755/2318755_500.jpg/melon/resize/282/quality/80/optimize,0,8,None,460454142
1767912,그건 너,이장희,포크/블루스,이장희,이장희,이장희,19810610,https://cdnimg.melon.co.kr/cm/album/images/003/61/101/361101_500.jpg/melon/resize/282/quality/80/optimize,3,845,"&lt;제1절&gt; 
모두들 잠드는 고요한 이밤에 
어이해 나홀로 잠못이루나 
넘기는 책속에 수많은 글들이 
어이해 한자도 뵈이질 않나 
 
그건너 그건너 바로너 때문이냐 
그건너 그건너 바로너 때문이냐 
 
&lt;2절&gt; 
언제는 비가오는 종로거리를 
우산도 않받고 혼자걸었네 
우연히 마주친 동창생 녀석이 
너미쳤니 하면서 껄걸웃더군 
 
그건너 그건너 바로너 때문이냐 
그건너 그건너 바로너 때문이냐 
그건너 그건너 바로너 때문이냐 
 
&lt;3절&gt; 
전화를 걸려고 동전바꿨네 
종일토록 번호판과 씨름 했었네 
그러다가 당신이 받으면 끊었네 
왠일인지 바보처럼 울고말았네 
 
그건너 그건너 바로너 때문이냐 
그건너 그건너 바로너 때문이냐 
 
그건너 그건너 바로너 때문이냐 
그건너 그건너 바로너 때문이냐 
 
그건너 그건너 그건너",417390002 457823972
1124977,그대여 변치마오,남진,성인가요/트로트,남진 베스트 1,김준규,김준규,-,https://cdnimg.melon.co.kr/cm/album/images/003/15/074/315074_500.jpg/melon/resize/282/quality/80/optimize,1,35,"오 그대여 변치마오
오 그대여 변치마오
불타는 이 마음을
믿어주세요
말 못하는 이 마음을
알아주세요
그 누가 이 세상을
다 준다 해도
당신이 없으면
나는 나는 못살아
수 많은 세월이
흐른다 해도
당신만을 당신만을
기다리며 살아갈테야

불타는 이 마음을
믿어주세요
말 못하는 이 마음을
알아주세요
그 누가 이 세상을
다 준다 해도
당신이 없으면
나는 나는 못살아
수 많은 세월이
흐른다 해도
당신만을 당신만을
기다리며 살아갈테야
살아갈테야
살아갈테야",408543604 439176495
47995,그럴수가 있나요,김추자,성인가요/트로트,김추자 베스트 20,김희갑,김희갑,19871201,https://cdnimg.melon.co.kr/cm/album/images/000/03/739/3739_500.jpg/melon/resize/282/quality/80/optimize,0,57,"이세상에 태어나서
그 누구라도
한번쯤은 사랑하고
헤어지지만 아
파도처럼 왔다가
눈물만 주는
사랑이란 무엇인지
알수가 없네 아
둘이 뜨겁게 둘이 뜨겁게
사랑하다가
혼자 그렇게 혼자 그렇게
가시겠다니 아
날 두고 정말
그럴수가 있나요
날 두고 정말
그럴수가 있나요
이세상에 태어나서
그 누구라도
한번쯤은 사랑하고
헤어지지만 아
파도처럼 왔다가
눈물만 주는
사랑이란 무엇인지
알수가 없네 아
둘이 뜨겁게 둘이 뜨겁게
사랑하다가
혼자 그렇게 혼자 그렇게
가시겠다니 아

날 두고 정말
그럴수가 있나요
날 두고 정말
그럴수가 있나요
이세상에 태어나서
그 누구라도
한번쯤은 사랑하고
헤어지지만 아
파도처럼 왔다가
눈물만 주는
사랑이란 무엇인지
알수가 없네 아
둘이 뜨겁게 둘이 뜨겁게
사랑하다가
혼자 그렇게 혼자 그렇게
가시겠다니 아",460454142
65464,기다리게 해놓고,방주연,발라드 성인가요/트로트,히트곡 모음,박건호,장욱조,1991,https://cdnimg.melon.co.kr/cm/album/images/000/06/142/6142_500.jpg/melon/resize/282/quality/80/optimize,0,168,"기다리게 해놓고

오지않는 사람아
이 시간은 너를 위하여
기다리는 것인데
기다리게 해놓고

오지않는 사람아
나는 기다림에 지쳐서
이제 그만 가노라
약속했던 시간을 허공에 두고
만나지도 못한채
엇갈린 순간속에
떠나는 모습 미워지는 모습
나 혼자서 달랜다
기다리게 해놓고

오지않는 사람아
나는 기다림에 지쳐서
이제 그만 가노라

약속했던 시간을 허공에 두고
만나지도 못한채
엇갈린 순간속에
떠나는 모습 미워지는 모습
나 혼자서 달랜다
기다리게 해놓고

오지않는 사람아
나는 기다림에 지쳐서
이젠 그만 가노라
이젠 그만 가노라
이젠 그만 가노라",408543604 439176495
992659,나는 너를,서유석,포크/블루스,송창식 서유석 베스트,신중현,신중현,1988,https://cdnimg.melon.co.kr/cm/album/images/003/09/725/309725_500.jpg/melon/resize/282/quality/80/optimize,1,128,"시냇물 흘러서 가면
넓은 바닷물이 되듯이
세월이 흘러 익어간 사랑
가슴 속에 메워 있었네
그토록 믿어 온 사랑
내 마음에 믿어 온 사랑
지금은 모두 어리석음에
이제 너를 떠나 간다네
저녁 노을 나를 두고 가려마
어서 가려마 내 모습 감추게
밤하늘에 찾아 오는 별들의
사랑 이야기 들려 줄 거야
세월이 흘러서 가면
내 사랑 찾아 오겠지
모두 다 잊고 떠나 가야지
보금자리 찾아 가야지
보금자리 찾아 가야지",425793561 425793350
665972,내 강산 좋을시구,김세레나,성인가요/트로트,노래백년 가요백년 10,김영일,이철혁,19940801,https://cdnimg.melon.co.kr/cm/album/images/000/47/094/47094_500.jpg/melon/resize/282/quality/80/optimize,0,10,,472471646 460454142
1004593,달과 함께 별과 함께,김부자,성인가요/트로트,히트 전집,김영광,김영광,19920101,https://cdnimg.melon.co.kr/cm/album/images/003/10/320/310320_500.jpg/melon/resize/282/quality/80/optimize,1,21,"행복했던 그 시절 다 가고
나만 혼자 이렇게 남아서
달과 함께 별과 함께
지난 얘기하고 있어요
아 아 아
아 아 아
생각하면은 생각 할수록
그때를 못잊어
행복했던 그 시절 다 가고
나만 혼자 이렇게 남아서
달과 함께 별과 함께
지난 얘기하고 있어요

행복했던 그 시절 다 가고
나만 혼자 이렇게 남아서
달과 함께 별과 함께
지난 얘기하고 있어요
아 아 아
아 아 아
생각하면은 생각 할수록
그때를 못잊어
행복했던 그 시절 다 가고
나만 혼자 이렇게 남아서
달과 함께 별과 함께
지난 얘기하고 있어요
달과 함께 별과 함께
지난 얘기하고 있어요",460454142
65432,등대지기,은희,성인가요/트로트,은희 골든디럭스 20,변혁,외국곡,19780422,https://cdnimg.melon.co.kr/cm/album/images/000/07/985/7985_500.jpg/melon/resize/282/quality/80/optimize,1,335,"얼어붙은 달 그림자
물결 위에 비치면
한 겨울에 거센 파도
모으는 작은 섬
생각하라 저 등대를
지키는 사람의
거룩하고 아름다운
사랑의 마음을

얼어붙은 달 그림자
물결 위에 비치면
한 겨울에 거센 파도
모으는 작은 섬
생각하라 저 등대를
지키는 사람의
거룩하고 아름다운
사랑의 마음을",439176495 100098610
1086733,마른잎,장현,록/메탈,장현 베스트,신중현,신중현,1991,https://cdnimg.melon.co.kr/cm/album/images/000/40/666/40666_500.jpg/melon/resize/282/quality/80/optimize,2,192,"마른잎 떨어져 길 위에 구르네
바람이 불어와 갈 길을 잃었나
아무도 없는 길을
너만 외로이 가야만 하나
누구를 못잊어 그렇게 헤매나
누구를 찾아서 한없이 헤매나
아무도 없는 길을
너만 외로이 가야만 하나
마른잎 마져 멀리 사라지면
내 마음 쓸쓸하지
바람 불어와 멀리 가 버리면
내 마음 쓸쓸하지
마른잎 떨어져 길 위에 구르네
바람이 불어와 갈 길을 잃었나
아무도 없는 길을
너만 외로이 가야만 하나

마른잎 마져 멀리 사라지면
내 마음 쓸쓸하지
바람 불어와 멀리 가버리면
내 마음 쓸쓸하지
마른잎 떨어져 길 위에 구르네
바람이 불어와 갈 길을 잃었나
아무도 없는 길을
너만 외로이 가야만 하나",454914652 439176495
3891950,바다의 여인,4월과 5월,포크/블루스,한밤중 / 장미,백순진,백순진,19781115,https://cdnimg.melon.co.kr/cm/album/images/021/48/181/2148181_500.jpg/melon/resize/282/quality/80/optimize,0,43,None,437306549 460454142
903231,별이 빛나는 밤에,윤항기,성인가요/트로트,윤항기 힛트 앨범,윤항기,윤항기,19830105,https://cdnimg.melon.co.kr/cm/album/images/003/07/071/307071_500.jpg/melon/resize/282/quality/80/optimize,0,259,,439176495 408857714
60543,봄이 오면 (Hello-A),장미화,성인가요/트로트,내인생 바람에 실어 / 서풍이 부는 날,전우중,여대영,19881010,https://cdnimg.melon.co.kr/cm/album/images/000/04/711/4711_500.jpg/melon/resize/282/quality/80/optimize,0,44,"그 추었던 겨울은 지나고
따뜻한 봄이 오면
내님도 나를 찾겠지
아름다운 꽃이 피어나는
따뜻한 봄이오면
그님도 나를 찾겠지
헬로아헬로아 꽃들은
헬로아헬로아 어디에
헬로아헬로아 봄날은
헬로아헬로아 우리들에게
흠마흠마흠마 흠마흠마흠마
흠마흠마흠마흠마예
흠마흠마흠마 흠마흠마흠마
흠마흠마흠마흠마예
그 추었던 겨울은 지나고
따뜻한 봄이 오면
내님도 나를 찾겠지
아름다운 꽃이 피어나는
따뜻한 봄이오면
그 님도 나를 찾겠지
헬로아헬로아 사랑은
헬로아헬로아 어디에
헬로아헬로아 그님은
헬로아헬로아 내게도
흠마흠마흠마 흠마흠마흠마
흠마흠마흠마흠마예
흠마흠마흠마 흠마흠마흠마",439176495 460454142
2425262,사랑의 모닥불,이용복,성인가요/트로트,골든 베스트 콜렉션,김동찬,차민호,19950101,https://cdnimg.melon.co.kr/cm/album/images/007/41/852/741852_500.jpg/melon/resize/282/quality/80/optimize,1,38,,460454142
1714306,사랑의 의지,이수미,성인가요/트로트,8인(人)의 오리지날 힛트 가요,백순진,백순진,20070515,https://cdnimg.melon.co.kr/cm/album/images/003/56/748/356748_500.jpg/melon/resize/282/quality/80/optimize,0,39,,460454142
1125817,서귀포를 아시나요,조미미,발라드,조미미 전곡 BEST HIT,정태권,유성민,-,https://cdnimg.melon.co.kr/cm/album/images/003/15/108/315108_500.jpg/melon/resize/282/quality/80/optimize,0,25,,439176495 460454142
1125935,서울의 모정,패티김,성인가요/트로트,패티김 베스트 1,길옥윤,길옥윤,-,https://cdnimg.melon.co.kr/cm/album/images/003/15/114/315114_500.jpg/melon/resize/282/quality/80/optimize,1,25,,413868198 450604834
2748909,석양,장현,록/메탈,힛트앨범 (석양/미련),신중현,신중현,19740101,https://cdnimg.melon.co.kr/cm/album/images/009/50/457/950457_500.jpg/melon/resize/282/quality/80/optimize,0,342,"가야할 사람이기에 안녕
안녕이라고 말해야지

돌아설 사람이기에 안녕
안녕이라고 말해야지

울먹이는 마음일랑
나 혼자 삭이면서
웃으며 말해야지 안녕 안녕
가야할 사람이기에 안녕
안녕이라고 말해야지

울먹이는 마음일랑
나 혼자 삭이면서
웃으며 말해야지 안녕 안녕
가야할 사람이기에 안녕
안녕이라고 말해야지",431885685 408857714
